Artist,Id,Genres,New Name,name,id
,,,,Tommy Richman,1WaFQSHVGZQJTbf0BdxdNo
,,,,Kendrick Lamar,2YZyLoL8N0Wb9xBt1NhZWg
,,,,Artemas,0PCCGZ0wGLizHt2KZ7hhA2
,,,,Miley Cyrus,5YGY8feqx7naU7z4HrwZM6
,,,,Eminem,7dGJo4pcD2V6oG8kP0tJRR
,,,,Jack Harlow,2LIk90788K0zvyj2JJVwkJ
,,,,Benson Boone,22wbnEMDvgVIAGdFeek6ET
,,,,FloyyMenor,7CvTknweLr9feJtRGrpDBy
,,,,MUSIC LAB JPN,61ifFEOS4km183fkC64e8I
,,,,Central Cee,5H4yInM5zmHqpKIoMNAx4r
,,,,Post Malone,246dkjvS1zLTtiykXe5h60
,,,,Teddy Swims,33qOK5uJ8AR2xuQQAhHump
,,,,Billie Eilish,6qqNVTkY8uBg9cP3Jd7DAH
,,,,Future,1RyvyyTE3xzB2ZywiAwp0i
,,,,Kids With Buns,1HF3WeoXOBYHlVkLn20lXz
,,,,Myke Towers,7iK8PXO48WeuP03g8YR51W
,,,,Taylor Swift,06HL4z0CvFAxyc27GXpf02
,,,,Tate McRae,45dkTj5sMRSjrmBSBeiHym
,,,,Harry Styles,6KImCVD70vtIoJWnq6nGn3
,,,,Doja Cat,5cj0lLjcoR7YOSnhnX0Po5
,,,,Sabrina Carpenter,74KM79TiuVKeVCqs8QtB0B
,,,,Beyoncï¿,6vWDO969PvNqNYHIOW5v0m
,,,,official sound studio,5STLC4IOZOpecXjUU2PpCv
,,,,WZ Beat,7hL2l7lWkA75BpTp7bPEt9
,,,,The Kid LAROI,2tIP7SsRs7vjIcLrU85W8J
,,,,Pinkfong,7cTXfwpe9peK0UE1bZyIWZ
,,,,Ariana Grande,66CXWjxzNUsdJxJ2JdwvnR
,,,,JAY-Z,3nFkdlSjzX9mRTtwJOzDYB
,,,,LOVE BGM JPN,2N7xrdZ10zV0pdSw1DcNWY
,,,,BABYMONSTER,1SIocsqdEefUTE6XKGUiVS
,,,,Tyla,3SozjO3Lat463tQICI9LcE
,,,,Kenya Grace,7uMDnSZyUYNBPLhPMNuaM2
,,,,Hozier,2FXC3k01G6Gw61bmprjgqS
,,,,Tina Turner,1zuJe6b1roixEKMOtyrEak
,,,,Shaboozey,3y2cIKLjiOlp1Np37WiUdH
,,,,Gunna,2hlmm7s2ICUX0LVIhVFlZQ
,,,,Tones And I,2NjfBq1NflQcKSeiDooVjY
,,,,sped up 8282,1c0ChJZVluriMPwFrTAmly
,,,,David Guetta,1Cs0zKBU1kc0i8ypK3B9ai
,,,,David Kushner,33NVpKoXjItPwUJTMZIOiY
,,,,Mitski,2uYWxilOVlUdk4oV9DvwqK
,,,,Dua Lipa,6M2wZ9GZgrQXHCFfjv46we
,,,,Mae Stephens,311uEW9rt5g2NmzjGEKS2E
,,,,Luis Fonsi,4V8Sr092TqfHkfAA5fXXqG
,,,,Mvua,6mK4gMeS7p1vS724AecSUO
,,,,Rema,46pWGuE3dSwY3bMMXGBvVS
,,,,Ed Sheeran,6eUKZXaKkcviH0Ku9w2n3V
,,,,Maian,14F4wy1bW1Buz1lD8I5YWE
,,,,The Weeknd,1Xyo4u8uXC1ZmMpatF05PJ
,,,,Metro Boomin,0iEtIxbK0KxaSlF7G42ZOp
,,,,Patati Patatï¿,5Hr6G2HwK68ZhkjPMwJgrB
,,,,Sam Smith,2wY79sveU1sp5g7SokKOiI
,,,,Edward Maya,6XwwFnewNgWp81MYMK8zLq
,,,,mitsu sound,18xgcedCGxFbqLbIQn5R8F
,,,,aespa,6YVMFz59CuY7ngCxTxjpxE
,,,,Bad Bunny,4q3ewBCX7sLwd24euuV69X
,,,,JUVENILE,0rG0AZBscc8S8q1ahIsasI
,,,,ýý$,5eBluOvPk819K9BZB1XV9v
,,,,SZA,7tYKF4w9nC0nq9CsPZTHyP
,,,,Guy Mac,7fj3pJOTCu7CxyEIJgaEKk
,,,,Glass Animals,4yvcSjfu4PC0CYQyLy4wSq
,,,,Linkin Park,6XyY86QOPPrYVGvF9ch6wz
,,,,Bizarrap,716NhGYqD1jl2wI1Qkgq36
,,,,PowerDress,4ubjjmdSgfPMuDTSTeBH67
,,,,Lil Nas X,7jVv8c5Fj3E9VhNjxT4snq
,,,,Grupo Frontera,6XkjpgcEsYab502Vr1bBeW
,,,,Jawsh 685,56mfhUDKa1vec6rSLZV5Eg
,,,,Dave,2TI7qyDE0QfyOlnbtfDo7L
,,,,KAROL G,790FomKkXshlbRYZFtlgla
,,,,Farruko,329e4yvIujISKGKz1BZZbO
,,,,Dave Angel,2Fd3lWDA61b5dcoEwNvWuT
,,,,Eslabon Armado,0XeEobZplHxzM9QzFQWLiR
,,,,Yng Lvcas,1NNRWkhwmcXRimFYSBpB1y
,,,,21 Savage,1URnnhqYAYcrqrcwql10ft
,,,,Adele,4dpARuHxo51G3z768sgnrY
,,,,Lil Durk,3hcs9uc56yIGFCSy9leWe7
,,,,ILLIT,36cgvBn0aadzOijnjjwqMN
,,,,Darell,1TtXnWcUs0FCkaZDPGYHdf
,,,,Xavi,3Me35AWHCGqW4sZ7bWWJt1
,,,,PinkPantheress,78rUTD7y6Cy67W1RVzYs7t
,,,,Peso Pluma,12GqGscKJx3aE4t07u7eVZ
,,,,cassï¿,27FGXRNruFoOdf1vP8dqcH
,,,,Dj Samir,6U0dJxYVB41L8WDZ02Nwuk
,,,,Paul Russell,4zoRNhOhsGX3w8yBAnFSQ8
,,,,Peggy Gou,2mLA48B366zkELXYx7hcDN
,,,,Roddy Ricch,757aE44tKEUQEqRuT6GnEB
,,,,Jaxomy,1c3uso4iIeeX3P0bhKaQDq
,,,,Luke Combs,718COspgdWOnwOFpJHRZHS
,,,,Creepy Nuts,0pWR7TsFhvSCnbmHDjWgrE
,,,,Tollan Kim,78OVjYbRWhttVbxublN6GC
,,,,Dianï¿½,0NHykv7QVZ6hTpKdPe3qrf
,,,,3 Palavrinhas,6apif9UbguC36klKtjMKVL
,,,,Imagine Dragons,53XhwfbYqKCa1cC15pYq2q
,,,,Travis Scott,0Y5tJX1MQlPlqiwlOH1tJY
,,,,Jere Klein,35oGZihZclGoTVuICPXRP9
,,,,Goovex,3m9pM517494DEg7CbwiKPT
,,,,OneRepublic,5Pwc4xIPtQLFEnJriah9YJ
,,,,Exhumed,2OjtmMho2pBS86zQ1PliRu
,,,,24kGoldn,6fWVd57NKTalqvmjRd2t8Z
,,,,BTS,3Nrfpe0tUJi4K4DXYWgMUX
,,,,WasteLand,0cmvgYB81xcpV7594cXjse
,,,,Lewis Capaldi,4GNC7GD6oZMSxPGyXy4MNB
,,,,Shakira,0EmeFodog0BfCgMzAIvKQp
,,,,Meghan Trainor,6JL8zeS1NmiOftqZTRgdTz
,,,,DJ MOIGUS,5Y0oSIuwRXFeETW9xgDAa2
,,,,Shreya Ghoshal,0oOet2f43PA68X5RxKobEy
,,,,Olivia Rodrigo,1McMsnEElThX1knmY4oliG
,,,,Thullio Milionï¿½ï¿,17XNkHucIYWR7HhM7VUxG8
,,,,LOLA,67FB4n52MgexGQIG8s0yUH
,,,,Libianca,7kjSuFGKhLm8b5qXoMhRkJ
,,,,Afrian Af,5WIbZy6Y7zy1fkQHcW9ubp
,,,,G-Eazy,02kJSzxNuaWGqwubyUba0Z
,,,,J Ross,6GG84snEXeS6sy0DEr4VbS
,,,,Manuel Turizo,0tmwSHipWxN12fsoLcFU3B
,,,,FLI:P,2U9wS8LxAOEzJ6SzdY0TIV
,,,,Justin Bieber,1uNFoZAHBGtllmzznpCI3s
,,,,Juice WRLD,4MCBfE4596Uoi2O4DtmEMz
,,,,Cardi B,4kYSro6naA4h99UJvo89HB
,,,,ZICO,4XpUIb8uuNlIWVKmgKZXC0
,,,,Drake,3TVXtAsR1Inumwj472S9r4
,,,,Kurochuu,1deRPaTBVeIQtjtPEA7Tbb
,,,,Jung Kook,6HaGTQPmzraVmaVxvz6EUc
,,,,Morgan Wallen,4oUHIQIBe0LHzYfvXNW4QM
,,,,Bruno Mars,0du5cEVh5yTK9QJze8zA0C
,,,,ýýýýýýýýýýýýýýý(ýýýýýýýýýýýýýýý),
,,,,Shawn Mendes,7n2wHs1TKAczGzO7Dd2rGr
,,,,ROSALï¿½,7ltDVBr6mKbRvohxheJ9h1
,,,,DaBaby,4r63FhuTkUYltbVAg5TQnk
,,,,Zach Bryan,40ZNYROS4zLfyyBSs2PGe2
,,,,Lizzo,56oDRnqbIiwx4mymNEv7dS
,,,,The Chainsmokers,69GGBxA162lTqCwzJG5jLp
,,,,JISOO,6UZ0ba50XreR4TM8u322gs
,,,,Camila Cabello,4nDoRrQiYLoBzwC5BhVJzF
,,,,Feid,2LRoIwlKmHjgvigdNGBHNo
,,,,Maluma,1r4hJ1h58CWwUQe3MxPuau
,,,,Justin Timberlake,31TPClRtHm23RisEBtV3X7
,,,,JVKE,164Uj4eKjl6zTBKfJLFKKK
,,,,Sexyy Red,3DbwFQlvLxRSi2uX8mf81A
,,,,Ariana DeBose,1Np9GsrPO7dlczjvdehBxs
,,,,RAYE,5KKpBU5eC2tJDzf0wmlRp2
,,,,Myles Smith,3bO19AOone0ubCsfDXDtYt
,,,,Pop Smoke,0eDvMgVFoNV3TpwtrVCoTj
,,,,Maroon 5,04gDigrS5kc9YWfZHwBETP
,,,,Kygo,23fqKkggKUBHNkbKtXEls4
,,,,Bryson Tiller,2EMAnMvWE2eb56ToJVfCWs
,,,,BENNETT,1r43wW70tnGUauQYvY5w48
,,,,Halsey,26VFTg2z8YR0cCuwLzESi2
,,,,Lady Gaga,1HY2Jd0NmPuamShAr6KMms
,,,,Ayra Starr,3ZpEKRjHaHANcpk10u6Ntq
,,,,GAYLE,2VSHKHBTiXWplO8lxcnUC9
,,,,Kizz Daniel,1X6cBGnXpEpN7CmflLKmLV
,,,,Steve Lacy,57vWImR43h4CaDao012Ofp
,,,,LISA,5L1lO4eRHmJ7a0Q6csE5cT
,,,,Quevedo,52iwsT98xCoGgiGntTiR7K
,,,,TREASURE,3KonOYiLsU53m4yT7gNotP
,,,,BLACKPINK,41MozSoPIsD1dJM0CLPjZF
,,,,The Puddleducks,6h67d5Nz6ugnRbombXB7hi
,,,,Tinashe,0NIIxcxNHmOoyBx03SfTCD
,,,,Desiigner,7pFeBzX627ff0VnN6bxPR4
,,,,Loreen,49aaHxvAJ0tCh0F15OnwIl
,,,,Doechii,4E2rKHVDssGJm2SCDOMMJB
,,,,FIFTY FIFTY,4GJ6xDCF5jaUqD6avOuQT6
,,,,NewJeans,6HvZYsbFfjnjFrWF950C9d
,,,,Coi Leray,6AMd49uBDJfhf30Ak2QR5s
,,,,Vayah,3gXxLdFAQGWBEuG5MytWxt
,,,,Daddy Yankee,4VMYDCV2IEDYJArk749S6m
,,,,d4vd,5y8tKLUfMvliMe8IKamR32
,,,,Toosii,6BH1xcDkwbbyrLMUKECsW1
,,,,Luis R Conriquez,0pePYDrJGk8gqMRbXrLJC8
,,,,Bing Crosby,6ZjFtWeHP9XN7FeKSUe80S
,,,,Biomigrant,5H59BW8KCUmuwDMGVvuatk
,,,,iï¿½ï¿½igo quin,3QIR6VZLm2VnRo7OmclgIq
,,,,Joji,3MZsBdqDrRTJihTHQrO6Dq
,,,,YG Marley,0n4Fao9kbjgM76RmVlfSwr
,,,,Yandel,0eHQ9o50hj6ZDNBt6Ys1sD
,,,,Rauw Alejandro,1mcTU81TzQhprhouKaTkpq
,,,,Wiz Khalifa,137W8MRPWKqSmrBGDBFSop
,,,,Lil Baby,5f7VJjfbwm532GiveGC0ZK
,,,,Kep1er,5R7AMwDeroq6Ls0COQYpS4
,,,,Mark Ronson,3hv9jJF3adDNsBSIQDqcjp
,,,,David Jackson,7qxIst7kJUeN5Ie6I2wlKn
,,,,CKay,048LktY5zMnakWq7PTtFrz
,,,,J Balvin,1vyhD5VmyZ7KMfW5gqLgo5
,,,,Oliver Tree,6TLwD7HPWuiOzvXEa3oCNe
,,,,thï¿½ï,5W16lONtcUU83MnA0hfiGM
,,,,D Billions,0qIpOhRDzOLVVxO7RAR3RZ
,,,,Lil Tjay,6jGMq4yGs7aQzuGsMgVgZR
,,,,Powfu,6bmlMHgSheBauioMgKv2tn
,,,,Katy Perry,6jJ0s89eD6GaHleKKya26X
,,,,Kali Uchis,1U1el3k54VvEUzo3ybLPlM
,,,,Selena,6IE6z7DcZIT4Ml3Fh5Ivch
,,,,Nicky Youre,7qmpXeNz2ojlMl2EEfkeLs
,,,,ATEEZ,68KmkJeZGfwe1OUaivBa2L
,,,,The Script,3AQRLZ9PuTAozP28Skbq8V
,,,,Cris Mj,1Yj5Xey7kTwvZla8sqdsdE
,,,,XXXTENTACION,15UsOTVnJzReFVN1VCnxy4
,,,,Carin Leon,66ihevNkSYNzRAl44dx6jJ
,,,,El Chombo,6iSZjc4kOoKZKiBXK5HbwD
,,,,Isadora Pompeo,0f59qYByNYzspwAr7huTSB
,,,,Twenty One Pilots,3YQKmKGau1PzlVlkL1iodx
,,,,CJ,7arQA31aZVS8yS6zUveWzb
,,,,Marshmello,64KEffDW9EtZ1y2vBYgq8T
,,,,Fuerza Regida,0ys2OFYzWYB5hRDLCsBqxt
,,,,Pedro Capï¿,4QVBYiagIaa6ZGSPMbybpy
,,,,Lil Tecca,4Ga1P7PMIsmqEZqhYZQgDo
,,,,Clean Bandit,6MDME20pz9RveH9rEXvrOM
,,,,,3IZrrNonYELubLPJmqOci2
,,,,Oliver Anthony Music,6IkfE2JyVoKwBZXvuytKX3
,,,,DJ TOPO,0xj9MJx9r0wO2o4aqdergP
,,,,KETTAMA,3an9rnsXKPCAMlZgH4A0n4
,,,,Lil Uzi Vert,4O15NlyKLIASxsJ0PrXPfz
,,,,ACRAZE,4pnp4w9g30yLfVIAFnZMRd
,,,,USHER,23zg3TcAtWQy7J6upgbUnj
,,,,Dasha,7Ez6lTtSMjMf2YSYpukP1I
,,,,Tam Sir,4WxmlzvtfZbTyGB1LvR02X
,,,,Popp Hunna,3fyhhXHbGVLuSHFk2SYx4I
,,,,Evan Loss,4mzKYnv5GDC0hsEwcnJdjo
,,,,Blush Response,3Mpl6q5GdubLhAFQsHLKGj
,,,,LIT killah,1vqR17Iv8VFdzure1TAXEq
,,,,Tyga,5LHRHt1k9lMyONurDHEdrp
,,,,Becky G,4obzFoKoKRHIphyHzJ35G3
,,,,Stephen Sanchez,5XKFrudbV4IiuE5WuTPRmT
,,,,Conkarah,7vPGzgDg3qGUY5bWtrO3K4
,,,,Noah Kahan,2RQXRUsr4IW1f3mKyKsy4B
,,,,ýýýýýýýýýý,
,,,,Yuridia,5B8ApeENp4bE4EE3LI8jK2
,,,,Burna Boy,3wcj11K77LjEY1PkEazffa
,,,,Happy Asmara,5423rMdVbchY2cgu0GgH5X
,,,,Armani White,2qAwMsiIjTzlmfAkXKvhVA
,,,,YOASOBI,64tJ2EAv1R6UaZqc4iOCyj
,,,,Natanael Cano,0elWFr7TW8piilVRYJUe4P
,,,,Azul,0SWtMcmZLgP04Kj5x0eCxa
,,,,TRASHXRL,3rt96VXGtEgD4uSOJ6B69H
,,,,Zeynep Bastï¿½,1mpOD8ZwHnbsryIuXWq0R1
,,,,Chappell Roan,7GlBOeep6PqTfFi59PTUUN
,,,,Ava Max,4npEfmQ6YuiwW1GpUmaq3F
,,,,Ozuna,1i8SpTcr7yvPOmcqrbnVXY
,,,,James Hype,43BxCL6t4c73BQnIJtry5v
,,,,Trevor Daniel,7uaIm6Pw7xplS8Dy06V6pT
,,,,Lost Frequencies,7f5Zgnp2spUuuzKplmRkt7
,,,,Calvin Harris,7CajNmpbOovFoOoasH2HaY
,,,,Anuel AA,2R21vXR83lH98kGeO99Y66
,,,,Idina Menzel,73Np75Wv2tju61Eo9Zw4IR
,,,,LE SSERAFIM,4SpbR6yFEvexJuaBpgAU5p
,,,,Mavokali,5EIk6BWcEKUeHgmM0vD0cX
,,,,Tiï¿½ï¿,4OBJLual30L7gRl5UkeRcT
,,,,Regard,4ofCBoyEiGSePFAG500xev
,,,,Zerb,6mDl7lQiLxT0iQ8LYhAlWy
,,,,Reynmen,1Fg19vpUJpAAPFjnKaVYVW
,,,,daine,4lyCoxLN0aW7nJy5rec0tG
,,,,Stan Getz,0FMucZsEnCxs5pqBjHjIc8
,,,,Calle 24,6dLuQ5qXxIuWc5urxfIiZR
,,,,CYRIL,11kt6ggsdxvI8MhyeSMKom
,,,,Juliï¿½ï¿½n Kh,0pE8uQQUTfRxDOX4usUPBv
,,,,Abd El Fattah Grini,6ncRJcK3BssZxM1vE8M3J2
,,,,DJ Snake,540vIaP2JwjQb9dm3aArA4
,,,,Anitta,20yRKi8cMHXuBTCaUiXd1p
,,,,Emkal,4ZPLdCBeYJBAjsLTWRcZEs
,,,,Xamdam Sobirov,2McZmrjB0tJ7gBOj3S64b2
,,,,SEVENTEEN,7nqOGRxlXj7N2JYbgNEjYH
,,,,Young Thug,50co4Is1HCEo8bhOyUWKpn
,,,,Mï¿½ï¿½ne,1xl0sI03TJU34gcne44fri
,,,,MEYY,6ovTUUvyWpxSigzDhtfVs5
,,,,4batz,5fi7lIgJGH3RgUpJYcffQ7
,,,,Sub Urban,7gXb99Sf9nNmpNYeAgIQFG
,,,,SAINt JHN,0H39MdGGX6dbnnQPt6NQkZ
,,,,Chris Brown,7bXgB6jMjp9ATFy66eO08Z
,,,,Flo Milli,08PvCOlef4xdOr20jFSTPd
,,,,Bellakath,4yjm4SvYqC5FFuLbB6TyHr
,,,,HISTED,5Z56BMrvQB2rBAa5kffTPD
,,,,Bailey Zimmerman,3win9vGIxFfBRag9S63wwf
,,,,GloRilla,2qoQgPAilErOKCwE2Y8wOG
,,,,Avicii,1vCWHaC5f2uS3yhpwWbIA6
,,,,Ofenbach,4AKwRarlmsUlLjIwt38NLw
,,,,Bad Gyal,4F4pp8NUW08JuXwnoxglpN
,,,,Creeds,3IYUhFvPQItj6xySrBmZkd
,,,,Davido,0Y3agQaa6g2r0YmHPOO9rh
,,,,Anirudh Ravichander,4zCH9qm4R2DADamUHMCa6O
,,,,THE BOX,7gHzR22tDNSWGS4HkvvPgw
,,,,Yeat,3qiHUAX7zY4Qnjx8TNUzVx
,,,,French Montana,6vXTefBL93Dj5IqAWq6OTv
,,,,Benjamin Richter,1RS6si17QfSOAwrRjnCWH7
,,,,Stray Kids,2dIgFjalVxs4ThymZ67YCE
,,,,ALEX&RUS,3KW4FoYGtukfoyZK8ifDex
,,,,Adam Port,2loEsOijJ6XiGzWYFXMIRk
,,,,James Arthur,4IWBUUAFIplrNtaOHcJPRM
,,,,Dada Black Sheep,2VyeGWF9mVciGbWWQyp3Wd
,,,,Michael Marcagi,4j96cMcT8GRi11qbvo1cLQ
,,,,Nicki Minaj,0hCNtLu0JehylgoiP8L4Gh
,,,,Gotye,2AsusXITU8P25dlRNhcAbG
,,,,Charlie Puth,6VuMaDnrHyPL1p4EHjYLi7
,,,,Kreepa,6XUob2lASlLLaavOTAw9Vb
,,,,Polo G,6AgTAQt8XS6jRWi4sX7w49
,,,,Lukas Graham,25u4wHJWxCA9vO0CzxAbK7
,,,,Pharrell Williams,2RdwBSPQiwcmiDo9kixcl8
,,,,Chayanne,1JbemQ1fPt2YmSLjAFhPBv
,,,,Passenger,0gadJ2b9A4SKsB1RFkBb66
,,,,Lithe,7LVC96BEVGugTAp38AajV6
,,,,Masked Wolf,1uU7g3DNSbsu0QjSEqZtEd
,,,,John Legend,5y2Xq6xcjJb2jVM54GHK3t
,,,,Sleepy Hallow,6EPlBSH2RSiettczlz7ihV
,,,,Don Toliver,4Gso3d4CscCijv0lmajZWs
,,,,Childish Gambino,73sIBHcqh3Z3NyqHKZ7FOL
,,,,Tayc,7gU9VyFRN3JWPJ5oHOil60
,,,,Chris Pine,5ueYs7bR3niiOeZdOSge5e
,,,,Carolina Gaitï¿½ï¿½n - La G,29PgYEggDV3cDP9QYTogwv
,,,,Juliï¿½ï¿½n ï¿½ï¿½lvarez y su Norteï,3u0dmpTyNtyUxBYghYyLxg
,,,,Rasha Nahas,6kA597KeEKoghJHvQ92RYO
,,,,Mustard,0YinUQ50QDB7ZxSCLyQ40k
,,,,El Reino Infantil,6EMoWayH9WulC8F8b6m3BH
,,,,Muni Long,7tjVFCxJdwT4NdrTmjyjQ6
,,,,Mc IG,2q9wk5fkeU2C9CgCKdh4AN
,,,,Manu,0tmwSHipWxN12fsoLcFU3B
,,,,Surf Mesa,1lmU3giNF3CSbkVSQmLpHQ
,,,,P!nk,1KCSPY1glIKqW2TotWuXOR
,,,,Internet Money,6MPCFvOQv5cIGfw3jODMF0
,,,,Violent Femmes,0rpMdBzQXf7aYRnu5fDBJy
,,,,Megan Thee Stallion,181bsRPaVXVlUKXrxwZfHK
,,,,Carella,1QQjE3XoC9bDaB6intnybg
,,,,Jelly Roll,19k8AgwwTSxeaxkOuCQEJs
,,,,Jasleen Royal,74OaRjmyh0XyRZsQQQ5l7c
,,,,Fifth Harmony,1l8Fu6IkuTP0U5QetQJ5Xt
,,,,Khaid,2mM6BxFQCd6BHzW4W7VhQP
,,,,Cupula Roja,6PxrK0m3obGBLICs889pqm
,,,,Selena Gomez,0C8ZW7ezQVs4URX5aX7Kqx
,,,,Lil Peep,2kCcBybjl3SAtIcwdWpUe3
,,,,Kush & TJ,2OpEaADE9ewtjsDow31XiO
,,,,Khesari Lal Yadav,69WMBCOrVeaxtZJCowDJ0a
,,,,Kordhell,2W6WP4pHQTFlbr2z9S4n54
,,,,Sia,5WUlDfRSoLAfcVSX1WnrxN
,,,,Ian G.,6RSJ4zdIpFUTox5mkm3dPH
,,,,ati2x06,3lM7oQy191ThpVzhdS1UUa
,,,,Troye Sivan,3WGpXCj9YhhfX11TToZcXP
,,,,Rihanna,5pKCCKE2ajJHZ9KAiaK11H
,,,,Aurel Surya Lie,03yoR16jizXZTzIDiC29YB
,,,,Elton John,3PhoLpVuITZKcymswpck5b
,,,,IVE,6RHTUrRF63xao58xh9FXYJ
,,,,Dynoro,3v6Ji4uoWtKRkhuDUaxi9n
,,,,benny blanco,5CiGnKThu5ctn9pBxv7DGa
,,,,Vishal-Shekhar,6Mv8GjQa7LKUGCAqa9qqdb
,,,,Lil Mabu,6FAo7ORAHEzSSf5q10LLfN
,,,,Shubh,5r3wPya2PpeTTsXsGhQU8O
,,,,Riton,7i9j813KFoSBMldGqlh2Z1
,,,,Sebastian Yatra,07YUOmWljBTXwIseAUd9TW
,,,,Victoria Monï¿½,63XBtGSEZINSyXylZxEUbv
,,,,Shiva Choudhary,3KOSRNy74RLnTAFn0u1tmN
,,,,King Gnu,6wxfx1yhyqjCPYwwxJktR2
,,,,Bayanni,6FbCERtE2CKqEWihHMYjcG
,,,,Big One,2OhUNb01gLwygOizYvTm0e
,,,,Sanju Rathod,4B9efXsA6sv4w3vts8E0T7
,,,,Topic,0u6GtibW46tFX7koQ6uNJZ
,,,,Hollywood Dots The Oncelor,6K3pjjDHZcqtgkRRlcndtq
,,,,Mark Ambor,11p2E654TTU8e0nZWBR4AL
,,,,ZWE1HVNDXR,33rnQWadiG2aauIwIxPxfB
,,,,Jay Wheeler,2cPqdH7XMvwaBJEVjheH8g
,,,,Bayhan,7yiLonxrJVgZKSbjo0gh6V
,,,,DENNIS,6xlRSRMLgZbsSNd0BMobwy
,,,,Tï¿½ï¿½ng Duy ,0v4xGtm0PPD9tXfECcStbu
,,,,MEDUZA,0xRXCcSX89eobfrshSVdyu
,,,,Nicky Jam,1SupJlEpv7RS2tPNRaHViT
,,,,YNW Melly,1cNDP5yjU5vjeR8qMf4grg
,,,,Mounika Yadav,2oLVeyUyYNFELwC93iZWGG
,,,,Number_i,4XFkDALFTsSHVnRtJSsaMN
,,,,Amaarae,21UPYSRWFKwtqvSAnFnSvS
,,,,Josh Groban,6cXMpsP9x0SH4kFfMyVezF
,,,,(G)I-DLE,2AfmfGFbe0A0WsTYm0SDTx
,,,,Kalpana,0vHFmEgN5GVfj1kjgTvf0P
,,,,Lana Del Rey,00FQb4jTyendYWaN8pK0wa
,,,,Falls,4Y5CKbAT8fHWEbpLGFNygB
,,,,King,6QtgPSJPSzcnn7dPZ4VINp
,,,,Saweetie,6cK3NBO6uP7hh0oyuVELFl
,,,,Jason Derulo,07YZf4WDAMNwqr4jfgOZ8y
,,,,Nio Garcia,5hdhHgpxyniooUiQVaPxQ0
,,,,Joost,6s5ubAp65wXoTZefE01RNR
,,,,Karl Wine,6vZKj9U4vIetFGznCpxVN5
,,,,Martin Garrix,60d24wfXkVzDSfLS6hyCjZ
,,,,Cartel De Santa,07PdYoE4jVRF6Ut40GgVSP
,,,,Joel Corry,6DgP9otnZw5z6daOntINxp
,,,,Dean Lewis,3QSQFmccmX81fWCUSPTS7y
,,,,Polimï¿½ï¿½ Westc,1O38Z72k0fvNwcLKbUaYgI
,,,,Yall,1LtlO7x7J1OCaUVKRBub5v
,,,,Rosa Linn,46xBNx0j6cwY6sD9LgMTm1
,,,,Jubin Nautiyal,1tqysapcCh1lWEAc9dIFpa
,,,,PSY,2dd5mrQZvg6SmahdgVKDzh
,,,,NATTI NATASHA,1GDbiv3spRmZ1XdM1jQbT7
,,,,Soolking,0GgY7hjMoGDsX8ZDe2mwds
,,,,Jhayco,6nVcHLIgY5pE2YCl8ubca1
,,,,Alan Walker,7vk5e3vY1uw9plTHJAMwjN
,,,,LF SYSTEM,0HxX6imltnNXJyQhu4nsiO
,,,,Black Eyed Peas,1yxSLGMDHlW21z4YXirZDS
,,,,blackbear,2cFrymmkijnjDg9SS92EPM
,,,,Giveon,4fxd5Ee7UefO4CUXgwJ7IP
,,,,BoyWithUke,1Cd373x8qzC7SNUg5IToqp
,,,,Chris Stapleton,4YLtscXsxbVgi031ovDDdh
,,,,Liamsi,3W0nbFHGRWfrVNVAsZN6rw
,,,,JID,6U3ybJ9UHNKEdsH7ktGBZ7
,,,,Kodak Black,46SHBwWsqBkxI7EeeBEQG7
,,,,Mawell,6UO7zshgw0fLVF6DVKg9PN
,,,,JACKBOYS,7A8S43ryYdbWpJKeHRZRcq
,,,,Panic! At The Disco,20JZFwl6HVl6yg8a4H3ZqK
,,,,Lori,6T2pk5T8c4Wi61x1v84sUa
,,,,Vï¿½,6JRL8ZQRoeP1nyDtKaEwKb
,,,,Bella Poarch,26cMerAxjx9GedFt0lMDjm
,,,,Junior H,7Gi6gjaWy3DxyilpF1a8Is
,,,,Ciara,2NdeV5rLm47xAvogXrYhJX
,,,,Arijit Singh,4YRxDV8wJFPHPTeXepOstw
,,,,Coldplay,4gzpq5DPGxSnKTe4SA8HAU
,,,,Young Nudy,5yPzzu25VzEk8qrGTLIrE1
,,,,Nardo Wick,0Njy6yR9LykNKYg9yE23QN
,,,,Jungle,59oA5WbbQvomJz2BuRG071
,,,,Lefty Sm,6eXHRfK9Ad3IpMpSAqvcDf
,,,,Victor Thompson,5c0lDrNyT2RnFhujZpPIas
,,,,Harshavardhan Rameshwar,5CTu6FKerxlvZrsLb6BYaU
,,,,Luck Ra,4kcQWQDK0u9AftVSpdrAgk
,,,,Spyro,1Be36RHAlqJpfUt3tsmUQD
,,,,JoJo Siwa,3Iq6waFNaQnjLjEjp2l3nc
,,,,Chino Pacas,2rmkQLzj0k4nZdQehOUByO
,,,,Sie7e,11wOrJLuakmQqTuhXXW2xz
,,,,Renuka Panwar,2wDTo0nO2ZKJN7VUeGmuyg
,,,,Arcï¿½ï¿½,1WE6CfpIRxkLEpMddVhEXI
,,,,Boy Spyce,6DUbLg2GQ7Dd7G9v6uwoPT
,,,,Lay Bankz,4OVbrPbhvK46A1uXTU1u5F
,,,,GIMS,0GOx72r5AAEKRGQFn3xqXK
,,,,Surfaces,4ETSs924pXMzjIeD6E9b4u
,,,,Saad Lamjarred,0NjXtqYWpnV055KhfZgtuY
,,,,Khalid,6LuN9FCkKOj5PcnpouEgny
,,,,Purple Disco Machine,2WBJQGf1bT1kxuoqziH5g4
,,,,Bibi Babydoll,6R26kGib2ubbZJMh7kKVGV
,,,,LiL CaKe,0niAkxgT6y57bRbT0Ge94z
,,,,Nirvair Pannu,4vIsAZx8AolYa6paJphDGY
,,,,TINI,7vXDAI8JwjW531ouMGbfcp
,,,,Fetty Wap,6PXS4YHDkKvl1wkIl4V8DL
,,,,INTERWORLD,5hKGLu4Ik88FzWcTPhWNTN
,,,,Gera MX,2hejA1Dkf8v8R0koF44FvW
,,,,Lauv,5JZ7CnR6gTvEMKX4g70Amv
,,,,Tiago PZK,5Y3MV9DZ0d87NnVm56qSY1
,,,,Shae Gill,3bWIy9AUrQdiNeS62Bp3OP
,,,,Ohboyprince,7Ck9ZyYvzMnaBQ76ZrSJFI
,,,,Latto,3MdXrJWsbVzdn6fe5JYkSQ
,,,,The Kolors,72A0Z8q8NiochyK9gUHpCR
,,,,Camilo,28gNT5KBp7IjEOQoevXf9N
,,,,Yahritza Y Su Esencia,51ZSh80McCt7vbqHouzW0A
,,,,Adam,2LB9H0px4qWbCHg9Axzhga
,,,,Alec Benjamin,5IH6FPUwQTxPSXurCrcIov
,,,,Tommee Profitt,73jlPRxT7z5xk29sMqFDjU
,,,,King Von,6QtgPSJPSzcnn7dPZ4VINp
,,,,Dove Cameron,2W8yFh0Ga6Yf3jiayVxwkE
,,,,Jonas Brothers,7gOdHgIoIKoe4i9Tta6qdD
,,,,Diler Kharkiya,5d6sKB0JbbWKiWoPDTLPj0
,,,,Superstar Pride,3FBEsNyIwRnOHOf1Rv3SLa
,,,,6ix9ine,7gZfnEnfiaHzxARJ2LeXrf
,,,,Flex (UK),2ed1paa4TCZ0C8aLk5xalM
,,,,Mika Singh,5T2I75UlGBcWd5nVyfmL13
,,,,Madison Beer,2kRfqPViCqYdSGhYSM9R0Q
,,,,Surf Curse,1gl0S9pS0Zw0qfa14rDD3D
,,,,Eden Muï¿½ï,2ZgkqMJtaEzlPnzjbCDCmD
,,,,Jason Aldean,3FfvYsEGaIb52QPXhg4DcH
,,,,Kaio Viana,2XGuDrQEuJXo3FfBQMeUn4
,,,,Jungeli,6L8y2rKomt32RmT4wfwZS7
,,,,Shaan,5cB4d4jPYjMT326sjihQ4m
,,,,Ado,6mEQK9m2krja6X1cfsAjfl
,,,,K CAMP,5bgfj5zUoWpyeVatGDjn6H
,,,,Bebe Rexha,64M6ah0SkkRsnPGtGiRAbb
,,,,5 Seconds of Summer,5Rl15oVamLq7FbSb0NNBNy
,,,,The Neighbourhood,77SW9BnxLY8rJ0RciFqkHh
,,,,Tri Suaka,4rLkBI8sdayXhNaGmfW3nC
,,,,Kina,4qIVPF0s71ZYW3qzhu5GkF
,,,,La Vaca Lola,5iJQIRgos0r9enr3mGmCRE
,,,,Sech,77ziqFxp5gaInVrF2lj4ht
,,,,Alex Favela,5TcnuUD5MHBfd1cO4kweWD
,,,,StaySolidRocky,1XLWox9w1Yvbodui0SRhUQ
,,,,Bossman Dlow,23xFbA9rYgRX8mreqysWPc
,,,,Tainy,0GM7qgcRCORpGnfcN2tCiB
,,,,Rag'n'Bone Man,4f9iBmdUOhQWeP7dcAn1pf
,,,,ýýneheart,0fLkIG8oqgPzuH8hWxFsUG
,,,,Oscar Maydon,3l9G1G9MxH6DaRhwLklaf5
,,,,Emilia,1HyP6vYO8haajmj4NFBXBk
,,,,Os Quebradeiras,4ttjWi3eElnVE8qPjqhj9x
,,,,TOMORROW X TOGETHER,0ghlgldX5Dd6720Q3qFyQB
,,,,Dimitri Vegas & Like Mike,73jBynjsVtofjRpdpRAJGk
,,,,J. Cole,6l3HvQ5sa6mXTsMTB19rO5
,,,,JNR CHOI,1Z25ZlGHqqlr3o1UGQOfNn
,,,,Walker Hayes,7sKxqpSqbIzphAKAhrqvlf
,,,,Tory Lanez,2jku7tDXc6XoB6MO2hFuqg
,,,,Mitraz,3iGhlvzpXc0UHBQ7klAItX
,,,,Manan Bhardwaj,3pQ4aA7dkolyjUAMrVScgh
,,,,BENEE,0Cp8WN4V8Tu4QJQwCN5Md4
,,,,Major Lazer,738wLrAtLtCtFOLvQBXOXp
,,,,Laufey,7gW0r5CkdEUMm42w9XpyZO
,,,,Jessi,2yLzlEFtIS0Q9UkyBZdQA7
,,,,Grupo Firme,1dKdetem2xEmjgvyymzytS
,,,,LMFAO,3sgFRtyBnxXD5ESfmbK4dl
,,,,DJ MIX NON-STOP CHANNEL,36pLdBwk3RGvnumT8q9Z92
,,,,Taiu,5szJHKg5xeUlQ9pTqzdpic
,,,,Los ï¿½ï¿½ngeles Az,0ZCO8oVkMj897cKgFH7fRW
,,,,Aya Nakamura,7IlRNXHjoOCgEAWN5qYksg
,,,,Kane Brown,3oSJ7TBVCWMDMiYjXNiCKE
,,,,Semicenk,1CcZoULzFHa8Uhwo6OlQcp
,,,,XG,0LOK81e9H5lr61HlGGHqwA
,,,,Casper Magico,1fux65HMCBvfJHqlBc4Nno
,,,,Master KG,523y9KSneKh6APd1hKxLuF
,,,,Luan Pereira,5kVgcCdPbeUwxBqWxi2Ktl
,,,,Bento e Totï¿,06ZuM9U6LcEyj1jLIE6jYt
,,,,Lil Mosey,5zctI4wO9XSKS8XwcnqEHk
,,,,Duke & Jones,3jNm5wvIx1eR5NDdXhMkNV
,,,,Wizkid,3tVQdUvClmAT7URs9V3rsp
,,,,Dxrk ï¿½ï¿½ï¿½,5TvFfw1MgSntdU9A7yncyA
,,,,Jhay Cortez,6nVcHLIgY5pE2YCl8ubca1
,,,,Young Miko,3qsKSpcV3ncke3hw52JSMB
,,,,Neha Kakkar,5f4QpKfy7ptCHwTqspnSJI
,,,,DJ Boneng,5bopGM8DccQwwOQjGy4fAr
,,,,Pawan Singh,1T7MiVJ2MJlR5GKi11w4VT
,,,,Karan Aujla,6DARBhWbfcS9E4yJzcliqQ
,,,,Good Neighbours,52N3KGrTWDRhdQJrgBTofE
,,,,A$AP Rocky,13ubrt8QOOCPljQ2FL1Kca
,,,,Jowell & Randy,4IMAo2UQchVFyPH24PAjUs
,,,,A Boogie Wit da Hoodie,31W5EY0aAly4Qieq6OFu6I
,,,,Djo,5p9HO3XC5P3BLxJs5Mtrhm
,,,,Isabel LaRosa,5arKwJZEvT5uKq4o0JfqR4
,,,,JENNIE,250b0Wlc5Vk0CoUsaCY84M
,,,,The Academy: Segunda Misiï¿½,60adCptqwRkANTtVja0bvf
,,,,Prince Ayaya,7vdyy8SkQNH2SV7vQIq7eV
,,,,AgroPlay,0uGWkZRPp1Urk77XBrPBsZ
,,,,Badshah,0y59o4v8uw5crbN9M3JiL1
,,,,Warren Zeiders,7kplJl06UmldxLKseURAYi
,,,,Brray,1GKIlPFdcewHtpDVCQ8zmJ
,,,,Calum Scott,6ydoSd3N2mwgwBHtF6K7eX
,,,,Jessie Murph,2yLzlEFtIS0Q9UkyBZdQA7
,,,,Arizona Zervas,0vRvGUQVUjytro0xpb26bs
,,,,NEXZ,5TaK8pOYVARAr5cdgoa8EW
,,,,Baby Keem,5SXuuuRpukkTvsLuUknva1
,,,,NAYEON,1VwDG9aBflQupaFNjUru9A
,,,,ALPHA 9,6ckI88Ggj8DPe0TNAAVkjn
,,,,Asake,3a1tBryiczPAZpgoZN9Rzg
,,,,SUICIDAL-IDOL,6KOszWgIriJLaPOySuBOTI
,,,,Chase & Status,3jNkaOXasoc7RsxdchvEVq
,,,,Christina Perri,7H55rcKCfwqkyDFH9wpKM6
,,,,Alex Rose,2DspEsT7UXGKd2VaaedgG4
,,,,Carly Rae Jepsen,6sFIWsNpZYqfjUpaCgueju
,,,,Ke Personajes,06Q5VlSAku57lFzyME3HrM
,,,,Varun Jain,4gzrZDyL5gYiROkv27pYKx
,,,,Doble ONE Flow Letal,25OaNybC8G6g5KkAmthQtX
,,,,Xilo,63kE1M6nlHBGwRttAc4Q6Z
,,,,Amy Winehouse,6Q192DXotxtaysaqNPy5yR
,,,,ATB,7jZM5w05mGhw6wTB1okhD9
,,,,Iyanya,3ZUn6LYxdmmPYQqBhFWI3h
,,,,Shoreline Mafia,4tYSBptyGeVyZsk8JC4JHZ
,,,,Rod Wave,45TgXXqMDdF8BkjA83OM7z
,,,,Sofï¿½ï¿½a R,5oBw7XMuaaNUpwGPgG3Q08
,,,,Mert Demir,1Zj4GtouAnxHq4qw7ooLfm
,,,,Ghea Indrawari,3qL7BzwJOXq3EzAio36aLX
,,,,Eladio Carrion,5XJDexmWFLWOkjOEjOVX3e
,,,,DJ Laxman,4MUe5vCBLLsfnePfFT8AEi
,,,,Pink Sweat$,1W7FNibLa0O0b572tB2w7t
,,,,Spice,0uq5PttqEjj3IH1bzwcrXF
,,,,FARIANA,7cYik4OyfBXYV5Z2TI7p90
,,,,PAWSA,4E0HD2PMY8kQJIjlShrLUS
,,,,LP,0J7U24vlOOIeMpuaO6Q85A
,,,,Marï¿½ï¿½lia Mendo,1UtoD47sbgbZQ0VzVKQhu8
,,,,Pritam,1wRPtKGflJrBx9BmLsSwlU
,,,,Quavo,0VRj0yCOv2FXJNP47XQnx5
,,,,Diljit Dosanjh,2FKWNmZWDBZR4dE5KX4plR
,,,,Baba Blakes,55sIdXMuyRafLJo665SJlq
,,,,MAKAELA,2v4SWJjPiRWOdG1LFPxwQX
,,,,Cole Swindell,1mfDfLsMxYcOOZkzBxvSVW
,,,,Y2K,6USMTwO0MNDnKte5a5h0xx
,,,,blink-182,6FBDaR13swtiWwGhX1WQsP
,,,,HoneyWorks,40oxjbVm3kdeyJEiGsKrmd
,,,,Dj LK da Escï¿½ï¿,6WIjKbyqeO9MkfNMFJsF50
,,,,HCTM,6o1cH08k4qmWoRbOK543gQ
,,,,Kehlani,0cGUm45nv7Z6M6qdXYQGTX
,,,,Kevin MacLeod,4fSMtiyC6lF5BUO1tUMWMs
,,,,BigXthaPlug,6qxpnaukVayrQn6ViNvu9I
,,,,Anuv Jain,4gdMJYnopf2nEUcanAwstx
,,,,Kaifi Khalil,1guGmvDaPSti8mZmttydUz
,,,,Duncan Laurence,3klZnJvYGIbWritVwQD434
,,,,NF,6fOMl44jA4Sp5b9PpYCkzz
,,,,Ryan Castro,7j6DKwmjbxvpQO8h914uEz
,,,,Tesher,49YbNTLaaAbZHLtDI2aPGL
,,,,Imanbek,5rGrDvrLOV2VV8SCFVGWlj
,,,,J Hus,2a0uxJgbvvIRI4GX8pYfcr
,,,,imase,4TaSvnT5o4REFwhqfrmK27
,,,,Ebru Yaï¿½ï,5AboYJAlMb9FGadTTDKRoN
,,,,Dhanush,2F3KtUVtrt2GLjcl6pB4cz
,,,,Elley Duhï¿,67MNhiAICFY6Pwc2YxCO0K
,,,,HARDY,5QNm7E7RU2m64l6Gliu8Oy
,,,,Mora,0Q8NcsJwoCbZOHHW63su5S
,,,,Swedish House Mafia,1h6Cn3P4NGzXbaXidqURXs
,,,,Offset,4DdkRBBYG6Yk9Ka8tdJ9BW
,,,,Ana Castela,2CKOmarVWvWqkNWUatHCex
,,,,Hussain Aljassmi,1TcEy92Hugt8o9STqUDz2D
,,,,Piso 21,4bw2Am3p9ji3mYsXNXtQcd
,,,,ZEROBASEONE,7cjg7EkeZy3OI5o9Qthc6n
,,,,Danny Ocean,5H1nN1SzW0qNeUEZvuXjAj
,,,,Harp and a monkey,0bdmHmgFdPpuNvJjl62yVB
,,,,Sky Rompiendo,51XrH5fQP2oIQynuKxSWcW
,,,,Frizk,2kytM35nXuQfdxPeoLgE0K
,,,,ýýýýýýýýýýýý ýýýýýýýýýýýýýýýýýýýýýýýýýýý,
,,,,Yung Bleu,3KNIG74xSTc3dj0TRy7pGX
,,,,SAIKO,2O8vbr4RYPpk6MRA4fio7u
,,,,Lil Wayne,55Aa2cqylxrFIXC767Z865
,,,,Duo Tiempo de Sol,58IHn7WX5UYrLG9BhjAiEA
,,,,Jack Black,0qpMYTgbXRi1ZcX6vend3T
,,,,Oxlade,3WTrdbZU99dgTtt3ZkyamT
,,,,Felipe Amorim,3CIIaeZuFYrAD6PRVyuO4U
,,,,CG5,3YJDqtTSjydvUpTvU1fJ6O
,,,,Donny Fernanda,6TWlyeG4hwAsW9Qm51FZvv
,,,,Ken Carson,3gBZUcNeVumkeeJ19CY2sX
,,,,Maria Becerra,1DxLCyH42yaHKGK3cl5bvG
,,,,Yash Narvekar,4RlnRVxKm3jnUzOP4czbIK
,,,,Sai Abhyankkar,5jJrJU7VVmxQQLcLAmmxXc
,,,,El Payaso Plim Plim,1E7NoA5YJu5N0XEm6ojotR
,,,,IU,3HqSLMAZ3g3d5poNaI7GOU
,,,,Rich Amiri,2sF5nNXnrrsCPZlt8ZpyGd
,,,,Vishal Mishra,5wJ1H6ud777odtZl5gG507
,,,,pasa michaelson,
,,,,ZAYN,5ZsFI1h6hIdQRw2ti0hz81
,,,,Foster The People,7gP3bB2nilZXLfPHJhMdvc
,,,,bbno$,41X1TR6hrK8Q2ZCpp2EqCz
,,,,Gracie Abrams,4tuJ0bMpJh08umKkEXKUI5
,,,,Neelkamal Singh,2pywmTkxO0H1CY8ZXSJTSC
,,,,Tee Grizzley,6AUl0ykLLpvTktob97x9hO
,,,,YK Osiris,7meyrw7Or5DwteYxDJrkCM
,,,,Crazy Frog,4J3wzDMI97AlGimdiVcaLb
,,,,George Ezra,2ysnwxxNtSgbb9t1m2Ur4j
,,,,Javed-Mohsin,2zvJLk0gTH7r7A5Q6X5Bq8
,,,,Los Legendarios,0n6sKrG0xKAf8xmdqeNGke
,,,,Shaun Reynolds,6kIgB5cLdAQ1ctIgs9lrkS
,,,,Jaymes Young,6QrQ7OrISRYIfS5mtacaw2
,,,,Fred again..,4oLeXFyACqeem2VImYeBFe
,,,,Em Beihold,7o2ZQYM7nTsaVdkXY38UAA
,,,,MC Kevin o Chris,2UMj7NCbuqy1yUZmiSYGjJ
,,,,Karan Sehmbi,0wmFEqpoc2FgAv8IPtCLBW
,,,,Playboi Carti,699OTQXzgjhIYAHMy9RyPD
,,,,Zara Larsson,1Xylc3o4UrD53lo9CvFvVg
,,,,Shayne Orok,1MQ48GaF9nanTisRGu3Mtl
,,,,Trippie Redd,6Xgp2XMz1fhVYe7i6yNAax
,,,,Mahmood,06nvjg4wBANK6DCHjqtPNd
,,,,Derya Yildirim,2Y0SH69uxHrHrjiZCuTSaT
,,,,Rae Sremmurd,7iZtZyCzp3LItcw1wtPI3D
,,,,Royel Otis,5b5bt4mZQpJMoCRbiQ7diH
,,,,Wisin & Yandel,1wZtkThiXbVNtj6hee6dz9
,,,,Gucci Mane,13y7CgLHjMVRMDqxdx0Xdo
,,,,Pooh Shiesty,5F1aAS1duwlzExnPs3l2Xe
,,,,Mesita,2IKdK6PbitvCiXt1t2bPU6
,,,,Lomiiel,2rMFPjySMqkgBajkLKL6zo
,,,,Nate Smith,4NYMUsIcUUsBHbV9DICa5x
,,,,Didi Romero,2wHbHpMZtLH7MSvpoxXuUl
,,,,Crocodyle,4NstKq2H82xDZJ4Fg7fKNB
,,,,Lil Pump,3wyVrVrFCkukjdVIdirGVY
,,,,Luclover,6ehZYiWgZXXxjTbziiKj60
,,,,Alessia Cara,2wUjUUtkb5lvLKcGKsKqsR
,,,,V,3JsHnjpbhX4SnySpvpa9DK
,,,,Jessica Darrow,4vdAAzZBUKbsrvHi6UR7B7
,,,,Kanye West,5K4W6rqBFWDnAN6FQUkS6x
,,,,Ski Aggu,6CP5wWvO8oIxedESJNCN4H
,,,,"Tyler, The Creator",4V8LLVI7PbaPR0K2TGSxFF
,,,,Bonnie Kimmel,3J42AEDUr7hSY4xutCZ6NP
,,,,KCee,7KiINhQdLAupkwvJ0EelGG
,,,,Kaliii,1YRqgFNXqRyMDRr8ClS1NL
,,,,Blessd,1TA5sGRlKUJXBN4ZyJuDIX
,,,,Bolofofos,6agiBnabjdR7IlQKizK5Ta
,,,,Vance Joy,10exVja0key0uqUkk6LJRT
,,,,Ice Spice,3LZZPxNDGDFVSIPqf4JuEf
,,,,Brent Faiyaz,3tlXnStJ1fFhdScmQeLpuG
,,,,Lord Huron,6ltzsmQQbmdoHHbLZ4ZN25
,,,,PIGGS,63bJyvh0ooKyWaCykZ9p9t
,,,,The Beatles,3WrFJ7ztbogyGnTHbHJFl2
,,,,Dora Lachaise,0jEDOCQLdPCimm0UXmjxNP
,,,,B Praak,56SjZARoEvag3RoKWIb16j
,,,,Eugenio Esquivel,5HeN1Iza4nZe03sFlonddz
,,,,DJ Khaled,0QHgL1lAIqAw0HtD7YldmP
,,,,Tz da Coronel,3lIU3RoZiHen1QXAQ3KQ9e
,,,,L.Dre,6gWGD0yeQYobb2sq0LUr7k
,,,,Enrique Iglesias,7qG3b048QCHVRO5Pv1T5lw
,,,,Kany Garcï¿½,69UypehHabb68utzfjAVlV
,,,,El Alfa,2oQX8QiMXOyuqbcZEFsZfm
,,,,DJ BAHBUS,5sulR479nn3fZvjAvQi4Ur
,,,,Muramatsu Karaoke,1HPARpdDgnTgkZMOMZ0kuu
,,,,Sheck Wes,2RDOrhPqAM4jzTRCEb19qX
,,,,Labrinth,2feDdbD5araYcm6JhFHHw7
,,,,Tropa do Bruxo,4s3lxX76LwxzMdQEAFYdzv
,,,,Tems,687cZJR45JO7jhk1LHIbgq
,,,,Conan Gray,4Uc8Dsxct0oMqx0P6i60ea
,,,,Yamï¿,4RWJOoYwgF978LOn8Fainp
,,,,Jazzy,0P9cTrFMXCX5qpR4lcu2o3
,,,,Jazzdauren,6LHhwQEDfU2Azja0CU42DS
,,,,Marc Seguï¿,5FQ8tBUtIamA2hRtatrYUF
,,,,Ali Gatie,4rTv3Ejc7hKMtmoBOK1B4T
,,,,AKMU,6OwKE9Ez6ALxpTaKcT5ayv
,,,,Humbe,1b7AEdUSudOQoZF5ebUxCL
,,,,Zerrin ï¿½ï¿,6ctNqBPgpVyUmmNWAXAgdN
,,,,Cody Johnson,6zLBxLdl60ekBLpawtT63I
,,,,Paylon,1xykp38LCZFD1A8DdJLos6
,,,,Carbonne,2t0frJEIdex2PTwuLlGxDD
,,,,Jass Manak,2P9JaCtpbQSuZOgvtPrUJ8
,,,,Jimin,1oSPZhvZMIrWW5I41kPkkY
,,,,Migos,6oMuImdp5ZcFhWP0ESe6mG
,,,,310babii,4VCriUU9CsPnUvoAsxVk1p
,,,,OMI,5MouCg6ta7zAxsfMEbc1uh
,,,,KRYPTO9095,3IQWn6L1It2U2Eq1IvXiZe
,,,,DJRemixGod,0echsJvadJPzRBe65mgb6Z
,,,,KYLE,4qBgvVog0wzW75IQ48mU7v
,,,,BOYNEXTDOOR,4hnHLgMSOiqERWBL4jINP1
,,,,Teya Dora,5japL3H3OQvvJfhtsNh3eU
,,,,Meek Mill,20sxb77xiYeusSH8cVdatc
,,,,MC PH,4PLdCloYxu2bMKfuuB9lI5
,,,,AYLIVA,2rEVnwCPBeGkWMv425KoG1
,,,,Dei V,2YRyPiW98bpkARAS4B3OQP
,,,,Uzielito Mix,7wgrXbrp9RJQMri26GZgyH
,,,,TWICE,7n2Ycct7Beij7Dj7meI4X0
,,,,Coogie,0IznZPMUyaPGdqfP4oqBja
,,,,Falling In Reverse,2CmaKO2zEGJ1NWpS1yfVGz
,,,,Vulgo FK,27azwwkxutWL1BWMkgNIh0
,,,,R. City,4TH4BHy0LdBi3dpBW4P2UX
,,,,Paulo Londra,3vQ0GE3mI0dAaxIMYe5g7z
,,,,twocolors,7ACEUD7UsmmXrnj4OLt8f9
,,,,Badger,4mnrcwjD8rgFeOzvXmkcw3
,,,,Carlos Vives,4vhNDa5ycK0ST968ek7kRr
,,,,Lauty Gram,6WAnQfBWB7ddhujPsFQ0pG
,,,,Little Caesar & the Romans,4jUkLFuoU0EMZbcP84QhsX
,,,,Vedo,3wVXTWabe3viT0jF7DfjOL
,,,,Shoti,68URuxUxsFzcPp2y3j0kjW
,,,,Shilpa Rao,19LIHDDSHBD5NyYHI3gpzB
,,,,Dwayne Johnson,1T8S48bD91THNKBByWBDyn
,,,,Lorde,163tK9Wjr9P9DmM0AVK7lm
,,,,zzoilo,7c53ZFyajVMTo08HmvoB6b
,,,,Sean Paul,3Isy6kedDrgPYoTS1dazA9
,,,,Sachin-Jigar,1mBydYMVBECdDmMfE2sEUO
,,,,Chefin,68PYmgkbRP1qZnEWOry7sB
,,,,JIN,5vV3bFXnN6D6N3Nj4xRvaV
,,,,Raim Laode,5LcNPa8f8bRmZqELgoRFkN
,,,,Juepak,4hyjpRJFaQcXR63Wfpjd3D
,,,,Gaby Music,1r3tpVQ08jFAA2P4xzV5o4
,,,,NoSpace,4EB3V8f38XoZ8eoLax5BEu
,,,,Eliza Rose,4XC335ouK6pXyq4QiIb8bP
,,,,RM,2auC28zjQyVTsiZKNgPRGs
,,,,Russ,1z7b1Pr1rSlvWRzsW3HOrS
,,,,Luude,20cmhoGvN0eyzhmsHJH1Mg
,,,,Zoe Wees,03d2mJXSMtuPI0nIvLnhoS
,,,,Veigh,4YqwRbMLqGHRHLS1w2ZKse
,,,,Aaron Smith,77qukKzmdI5BeMBR7WGUrN
,,,,Yahir Saldivar,19NGyg3ucHFhAP3mwPsggJ
,,,,fun.,5nCi3BB41mBaMH9gfr6Su0
,,,,Fousheï¿,6trIghKwHRUyxwvm66HLHH
,,,,Yasin,6rYEqmajzlhGVaayOJ2bpJ
,,,,RUNE,23nVOrmuIA5WDBVpsU4alV
,,,,Logic,4xRYI6VqpkE3UwrDrAZL8L
,,,,Ella Henderson,7nDsS0l5ZAzMedVRKPP8F1
,,,,Zedd,1alf4P7GDe5aNpALBzWIGf
,,,,Bastille,7EQ0qTo7fWT7DPxmxtSYEc
,,,,Macklemore & Ryan Lewis,6WLvgbfYXQPO396oJEYCsi
,,,,Baani Sandhu,3tDW6dCyLHiuOq5eKnHCW3
,,,,Edith Whiskers,15K8w0bfYieOr55vhSMgJN
,,,,Calibre 50,4jogXSSvlyMkODGSZ2wc2P
,,,,Cochise,46HzS7yz0c9udVwtbHk1sx
,,,,DVRST,0XFgyr4jwM0MGeZZW0VzA5
,,,,Hani Rifai,6RTFlMJUCJsCgeRmSfenMU
,,,,CA3RD,3B2FstjqJcIT9ZaLaebphI
,,,,That Mexican OT,3BAgmPNIK5IJl7zMK1wvMA
,,,,INJI,0Z4Ir8usNVcAdCSQl0fQki
,,,,Ricky Martin,7slfeZO9LsJbWgpkIoXBUJ
,,,,Big Sean,0c173mlxpT3dSFRgMO8XPh
,,,,Morad,4az97MtWmBQ5Db3GfDh9j9
,,,,Kenshi Yonezu,1snhtMLeb2DYoMOcVbb8iB
,,,,Milo j,19HM5j0ULGSmEoRcrSe5x3
,,,,AUR,1WgXqy2Dd70QQOU7Ay074N
,,,,WORK OUT GYM - DJ MIX,1C2SvMRlj6pLbmeUGqsUGS
,,,,Majestic,52lkxAYfC9ypaPJ2EB22ki
,,,,MELON,12nEr6QOfSKkiTXjEp8tBB
,,,,JP Saxe,66W9LaWS0DPdL7Sz8iYGYe
,,,,Hoshimachi Suisei,726WiFmWkohzodUxK3XjHX
,,,,Galinha Pintadinha,070CnHC2iZh5oLpyWYPf8h
,,,,SUPER JUNIOR,6gzXCdfYfFe5XKhPKkYqxV
,,,,girl in red,3uwAm6vQy7kWPS2bciKWx9
,,,,Demi Lovato,6S2OmqARrzebs0tKUEyXyp
,,,,Jax Jones,4Q6nIcaBED8qUel8bBx6Cr
,,,,Ruger,0a1SidMjD8D6EHvJph4n2H
,,,,Darshan Raval,2GoeZ0qOTt6kjsWW4eA6LS
,,,,TWS,4GgBKgxhc649frZDHcXIEz
,,,,Fall Out Boy,4UXqAaa6dQYAk18Lv7PEgX
,,,,One Direction,4AK6F7OLvEQ5QYCBNiQWHq
,,,,CNCO,0eecdvMrqBftK0M1VKhaF4
,,,,Odetari,7ITMCzIU9uII8gwRg8JAhc
,,,,Blanco Brown,3yzRiNMZdTsSUgplcyYZ4i
,,,,KISS OF LIFE,4TEK9tIkcoxib4GxT3O4ky
,,,,Ptrp Studio,1zUaU29NK5rZxdJoDdGaTM
,,,,Sam Hunt,2kucQ9jQwuD8jWdtR9Ef38
,,,,Daniel Caesar,20wkVLutqVOYrc0kxFs7rA
,,,,MC Ryan SP,75i9GaW2MJUgt4BkdUnuUY
,,,,ýýýýýýýýýýýýýýýýýýýýý ýýýýýýýýýýýýýýýýýýýýý,
,,,,Xamï¿,6pscTrZm8WmvDi2oABuwgC
,,,,WALK THE MOON,6DIS6PRrLS3wbnZsf7vYic
,,,,ElyOtto,4b19vuzlDcNdU4quI7L6sW
,,,,AWOLNATION,4njdEjTnLfcGImKZu1iSrz
,,,,Romeo Santos,5lwmRuXgjX8xIwlnauTZIP
,,,,Cavendish Music,46QdfOq1JZVW4TPyBIESAx
,,,,$uicideboy$,1VPmR4DJC1PlOtd0IADAO0
,,,,Dhvani Bhanushali,1OPqAyxsQc8mcRmoNBAnVk
,,,,AJR,6s22t5Y3prQHyaHWUN1R1C
,,,,ýýengo Flow,2JYVLtEUa3VaBRcvrgYV5I
,,,,Trueno,2x7PC78TmgqpEIjaGAZ0Oz
,,,,Super Yei,6HqgxkTt9KGyt27zYrwVan
,,,,Koe Wetzel,1Tie3AZgLQZqYEp8Fv4zOZ
,,,,AURORA,1WgXqy2Dd70QQOU7Ay074N
,,,,AL SHAMI,597R32EkdYgLMf1tQcHF8k
,,,,Richard Carter,6jlwBcuB3gOuSR4Hb6MmVU
,,,,Salastkbron,3WMlRpW5JWuDI95TcEWt3r
,,,,Christian Nodal,0XwVARXT135rw8lyw1EeWP
,,,,Ivete Sangalo,7dzq55YG3wjViqexDwiycQ
,,,,Ben King,3oyChKXh8fpsLj65HfXs8E
,,,,Tony Kakkar,0NZtn1Kyq08alpHCTRf3dv
,,,,Stephen Dawes,3jTU1IOqkO7Mz4zdbXPose
,,,,Gabry Ponte,5ENS85nZShljwNgg4wFD7D
,,,,NLE Choppa,0ErzCpIMyLcjPiwT4elrtZ
,,,,El Gudi,4bBHOk8nEyfPGCZsDEEZsB
,,,,DnK,7mDu31kKgQQpdIKCb6nypl
,,,,Bob Sinclar,5YFS41yoX0YuFY39fq21oN
,,,,YoungBoy Never Broke Again,7wlFDEWiM5OoIAt8RSli8b
,,,,ýýwnboss,
,,,,Ski Mask The Slump God,2rhFzFmezpnW82MNqEKVry
,,,,Don Omar,33ScadVnbm2X8kkUqOkC6Z
,,,,Eyedress,3XxNRirzbjfLdDli06zMaB
,,,,Ellie Goulding,0X2BH1fck6amBIoJhDVmmJ
,,,,Dj Yo!,7iTLGcddv1bOPirdYJjKVy
,,,,NAMES 51,6aZcYxW5TVEaTyoYfq3ygN
,,,,Jax,7DQYAz99eM3Y5PkP9WtUew
,,,,THE SCOTTS,2PaZWGu5T5nHjY2xxAkFsT
,,,,League of Legends,47mIJdHORyRerp4os813jD
,,,,Garfy,6x5OpQq6gU4UMUL7d9Ck12
,,,,Iggy Azalea,5yG7ZAZafVaAlMTeBybKAL
,,,,Cigarettes After Sex,1QAJqy2dA3ihHBFIHRphZj
,,,,xSyborg,1WAbp7edewKZGadOCmhlJg
,,,,SB19,3g7vYcdDXnqnDKYFwqXBJP
,,,,Pablito Pesadilla,41vcoPejPG3vv8emJ2R5Ox
,,,,Esteriore Brothers,3ekJhHQWBcEIstWRJc62hi
,,,,Tame Impala,5INjqkS1o8h1imAzPqGZBb
,,,,Jordan Davis,77kULmXAQ6vWer7IIHdGzI
,,,,6arelyhuman,1oYXEVbGh1L7EWGm9C68cN
,,,,NEIKED,5H6xmHXjsq98NLbEjuE29f
,,,,El Jordan 23,1fIJZfSmqQkuqfKNRmrS1V
,,,,Jagwar Twin,4luZExkmgn39Kj5XsYWria
,,,,Dylan Gossett,4H4M0Y4cN39zIVDHvdW53x
,,,,KAYDEN,5Dq2DMerDcvcdlzPTmo6Jn
,,,,Tove Lo,4NHQUGzhtTLFvgF5SZesLK
,,,,Brytiago,00XhexlJEXQstHimpZN910
,,,,DDG,0WK3H9OErSn5zKOkOV5egm
,,,,koko die,4HDEP8WcSLYVg1Q4Rg1R5M
,,,,Blake Shelton,1UTPBmNbXNTittyMJrNkvw
,,,,Gusttavo Lima,7MiDcPa6UiV3In7lIM71IN
,,,,Delifinger,4vR0E8fScX2vQGgyfINmsP
,,,,El Turko,7aqaIr9F3tHP7BMsmfAL8Z
,,,,ANOTR,4p5WgeiPSPpqPDs7T6OkWf
,,,,ian,23hzc59PkIUau13dqXx5Ef
,,,,Tatsuya Kitani,7mvhRvEAHiCTQHUnH7fgnv
,,,,Wizard Chan,4NiZlwuau3hlznWpJYnme4
,,,,Iniko,2ih5M0aTrQ97JX1nZuxDQY
,,,,Alek Olsen,27sdgIaFiz55vkR68fBiy8
,,,,Arthur Hill,6Fe2C2iHDbs3yoKRvtVtdg
,,,,Yung Gravy,2YOYua8FpudSEiB9s88IgQ
,,,,Jengi,4lgrPvofm0IT605L9OrOTN
,,,,Nathan Evans,1PKErrAhYFdfrDymGHRQRo
,,,,Jerry Di,7f02bxFbZIOVdSbYRNYvLT
,,,,Felix Jaehn,4bL2B6hmLlMWnUEZnorEtG
,,,,Lah Pat,0XrZkuSgrDEI14kRHqdz77
,,,,Johnny Orlando,6aX6KqXgEcARRHwvWxHcFW
,,,,Blxst,4qXC0i02bSFstECuXP2ZpL
,,,,Vinay Pandey Sanu,5Lebv86w9BAE3EpDjoLI9W
,,,,Kungs,7keGfmQR4X5w0two1xKZ7d
,,,,FelixThe1st,0E9Cff6GTVY5SoIYxvy5Zg
,,,,Shivani Singh,22bsH6ya7Wbrlf9Snsw8q3
,,,,Gabby Barrett,6Iz3eq2aQGFf7TbGT2iahL
,,,,ENHYPEN,5t5FqBwTcgKTaWmfEbwQY9
,,,,Luciano,0Y8KmFkKOgJybpVobn1onU
,,,,Fer Vazquez,5nAsuOI0lqqbii7YFCh7cB
,,,,Md Faisal Ahmed,3rEYWhCKWxC7UwjIS0MCiw
,,,,JZyNo,3gYUwwn7FiiBMKHe36OUaQ
,,,,Ramz,4LiSTXiV4QgUW5ZmJMaAm5
,,,,Lee Brice,5Zq7R5qmi58ByYyBQTlNuk
,,,,Chord Overstreet,5D3muNJhYYunbRkh3FKgX0
,,,,Mc Davi,1cYhx7ZOhYoVmnDPb9KMwo
,,,,LAZA,6zXCxMIxhdzpKbWvzUv85r
,,,,Thalia,23wEWD21D4TPYiJugoXmYb
,,,,Dhruv,70NcAr4ZtA3FAqU16iQZSb
,,,,Ella Mai,7HkdQ0gt53LP4zmHsL0nap
,,,,BM,5lZV4z4dpX6IfTYlfUMvOE
,,,,Rels B,2IMZYfNi21MGqxopj9fWx8
,,,,Gabito Ballesteros,6Sbl0NT50roqWvy746MfVf
,,,,Shouse,2TcGJdSOiOvITBzhvfX8XB
,,,,Tyler Hubbard,3BEV5FcxOtkQJ7lLRKMh3V
,,,,Diego Torres,0LALueHEQunQ2d61fXGeZh
,,,,Lele Pons,6i3DxIlAqnDkwELLw4aVrx
,,,,Goya Menor,4TWOviIGJMWH79dyovGkaX
,,,,Sir Neville Marriner,6NUhQz7eAEsZvjEHTKHux9
,,,,DJ Meetch,4eEVC9XUxzWlSmcinvklEI
,,,,Mike Posner,2KsP6tYLJlTBvSUxnwlVWa
,,,,Zeme Libre,1cLu6IYV5eP07X1mBoxhsE
,,,,Izellah,38uOa7Wols5e1zyelOmCIV
,,,,Leo Santana,7KVJCU4z5L4EUHILL8aMxR
,,,,Burak Bulut,2a2YSCx78HHWVOsCuMpeXz
,,,,Mau P,0w1sbtZVQoK6GzV4A4OkCv
,,,,iZaak,4s6Xg38sbqh4xpf4OqhVUK
,,,,OG Eat,3CHzmuwJ4fZx16QGGEmKLp
,,,,Thaman S,2FgHPfRprDaylrSRVf1UlN
,,,,mikeeysmind,0g0ZYLiNYI4kMg8MX76bkN
,,,,Chris Jedi,0qTZZWLzuD59Un5r1speHm
,,,,SPENCE,0t14CoZKVUi3jNHcCO1IYJ
,,,,Niall Horan,1Hsdzj7Dlq2I7tHP7501T4
,,,,Lauren Spencer Smith,79AyR6ATpj2LTPxfb6FX50
,,,,Coyote Theory,48vmXfV0QPy3ljXBp81Fwn
,,,,Diamond Platnumz,3cAisWS37sGCCtRgWfvrod
,,,,Billy Gillies,0kmovylAP20DMJhS3BE2CO
,,,,Hoï¿½ï¿½ng ,7pRU1CndlfPZTkcMG5ZkBD
,,,,Auli'i Cravalho,5mnS9jJdKQQcRSqFu5YPVe
,,,,Udo Lindenberg,7iWcRnQMinCoV2u5ICgsW0
,,,,Boza,2NfSBtmWe7oPw1EmetJVso
,,,,ThxSoMch,4MvZhE1iuzttcoyepkpfdF
,,,,ARTMS,213zHiFZwtDVEqyxeCbk07
,,,,JC NO BEAT,1xglv0oUbyJaycWFhyec8U
,,,,Sohail Sen,1bTROl5p3rGTpvKeWnGgrw
,,,,Britney Manson,7GtPtPbDC5CLNzSNxVpqaf
,,,,HOT DONUTS,3mL5AlH234jXlBaP5cwMb3
,,,,Reik,0vR2qb8m9WHeZ5ByCbimq2
,,,,Disclosure,6nS5roXSAGhTGr34W6n7Et
,,,,Parkmalody,6qb55pF0q2KS3v4M1Vd0yE
,,,,Nassif Zeytoun,2ieBl5s08uHBwM8sUPvg65
,,,,MoonDeity,5ja9cfKWW8Zj9aloyK8WuY
,,,,The Lumineers,16oZKvXb6WkQlVAjwo2Wbg
,,,,Vicente Fernï¿½ï¿½,4PPoI9LuYeFX8V674Z1R6l
,,,,Madonna,6tbjWDEIzxoDsBA1FuhfPW
,,,,QWER,0XufO9nLOKNN0w0qNrDrZy
,,,,Afsana Khan,4z0z82pXirH1TrygipQlOo
,,,,Kylie Minogue,4RVnAU35WRWra6OZ3CbbMA
,,,,Pheelz,5Jv1MsZBh0sqokFq7pU8Xg
,,,,Aventura,1qto4hHid1P71emI6Fd8xi
,,,,Harrdy Sandhu,4ITkqBlf5eoVCOFwsJCnqo
,,,,Arctic Monkeys,7Ln80lUS6He07XvHI8qqHH
,,,,Mr. Belt & Wezol,19VDJ9IKyBSUMDJxLsasP6
,,,,Pashanim,34LetYSjEuG2fBb4Z8PwPg
,,,,Tom Odell,2txHhyCwHjUEpJjWrEyqyX
,,,,Empire Of The Sun,67hb7towEyKvt5Z8Bx306c
,,,,Tion Wayne,7b79bQFziJFedJb75k6hFt
,,,,Pitbull,0TnOYISbd1XYRBk9myaseg
,,,,Cordelia,05X5b4I4kp6YsIL3334Sei
,,,,Rylo Rodriguez,0gg11prPP6OqtUvBcKnPpq
,,,,Alex Warren,0fTSzq9jAh4c36UVb4V7CB
,,,,2Rare,2GRDbUJRZwKzeiwxrjJdmQ
,,,,Angelina Mango,1A6HBLulvBFzNtlMb7b08f
,,,,Ants on a Log,6FhfWrn7f8y6OI8JZV2P3g
,,,,Marka,1rjI82QFF2g7ZN3LiCZQ1x
,,,,Valentino Khan,0deIjoDjl9g9Zpw0sCIOHh
,,,,TWISTED,1rPf3UFQ9PzH7MafzfHTnG
,,,,Coco Jones,4DHLoiIqFYYFjH09WduvFd
,,,,KALEO,7jdFEYD2LTYjfwxOdlVjmc
,,,,DAMIEN,1cjG7w7r0gpdP9TH9lF3pU
,,,,Fridayy,7sP4SQ0WY6jfps1I19Ot7i
,,,,Aldo Zee,4rPAshVpYTE3bLeTSqjX11
,,,,Kaka,6P9fFbQ875B2bnmdiYwN9A
,,,,Young M.A,7LvoDJUNGnOrPdGRzVtOJ9
,,,,Gippy Grewal,5kvGYraWFlXs2Jbt1Kphn8
,,,,Thalapathy Vijay,0fhunuOz2OuOEr3YK5ctSm
,,,,Aliyah's Interlude,7maQENQfaF8xDdEJp4i545
,,,,Mariah Carey,4iHNK0tOyZPYnBU7nGAgpQ
,,,,Justin Wellington,5lTjv8Ag00qHSGhvK4JbeF
,,,,Simone Mendes,2eK9gcJQ6uqVvJL63dnOM3
,,,,Rudimental,4WN5naL3ofxrVBgFpguzKo
,,,,Masego,3ycxRkcZ67ALN3GQJ57Vig
,,,,Lainey Wilson,6tPHARSq45lQ8BSALCfkFC
,,,,Leo Walrus,5iuZKgCnthz2s8XaPmXWCv
,,,,Marca MP,44mEtidu0VdRkIqO4IbkNa
,,,,The King Khan & BBQ Show,4n0gvapwYbRpzU5Ov68B6P
,,,,Javed Ali,4W91bbPB2CTSsHwt7eqNl7
,,,,John Summit,7kNqXtgeIwFtelmRjWv205
,,,,Yo Yo Honey Singh,7uIbLdzzSEqnX0Pkrb56cR
,,,,TitoM,5eYSqn4LCXLgIFYR4qOZ1k
,,,,Carrier,1ah87EalVGzB4AEfY7zm2u
,,,,ANNA ASTI,40YXr3tdSqFv0kfmgjj8vP
,,,,Mabel,1MIVXf74SZHmTIp4V4paH4
,,,,Belinda,5LeiVcEnsZcwc133TUhJNW
,,,,xxanteria,4nl0CCx6PpEOOr2Z2ThPdp
,,,,Olivetheboy,6yCYm86uDrfUteHNs6zcg1
,,,,Estelle,5T0MSzX9RC5NA6gAI6irSn
,,,,Lizzy McAlpine,1GmsPCcpKgF9OhlNXjOsbS
,,,,Alvaro Diaz,5J7rXWjtn5HzUkJ4Jet8Fr
,,,,Coolio,3y24n3XhZ96wgwRXjvS17T
,,,,DRAM,7LvvNoUPwTZpgXDWBRrfHg
,,,,Sunidhi Chauhan,3eDT9fwXKuHWFvgZaaYC5v
,,,,Diego & Victor Hugo,3k68C6mNMJL6OaAdWeW2ZF
,,,,Stebin Ben,1UAzmnFgjizIDvtHvnCdEq
,,,,Jogga,6kByPyGr60aeCsb8TGOWav
,,,,Hensonn,0snouHYzOWSgxRBYMQsa3H
,,,,MC Paulin da Capital,592JnViQ2tot63c1SbtgK2
,,,,Hotel Ugly,35WVTyRnKAoaGExqgktVyb
,,,,Bakar,3K2Srho6NCF3o9MswGR76H
,,,,Nick White,5y27MCDmD8pVLgep3Fp9GA
,,,,Tai Verdes,2kCO8LXN1usaOPL3iEE28I
,,,,Dermot Kennedy,5KNNVgR6LBIABRIomyCwKJ
,,,,Matteo Rossanese,02IdhYbEZbo91A70yP9RLX
,,,,Guru Randhawa,5rQoBDKFnd1n6BkdbgVaRL
,,,,HVME,2o08sCWF5yyo2G4DCiT7T9
,,,,Hana Cï¿½ï¿½ï¿½m,016S6xdkuh3PLAzVQAzhhy
,,,,Nagavalli,5kcw2X1hgiPIxwi8wuVnUA
,,,,Ayo & Teo,27mFvqQj8KpjmdKIqcw1mG
,,,,Rvssian,1fctva4kpRbg2k3v7kwRuS
,,,,Thomas Rhett,6x2LnllRG5uGarZMsD4iO8
,,,,Lvbel C5,0V2oXYR7DtrZAEFeILRW2r
,,,,Beny Jr,22dFwJoRBV51ue5TGnC7Dt
,,,,Mau y Ricky,2wkoKEfS6dXwThbyTnZWFU
,,,,Clovis Reyes,1rPMCfJhANfBT78l2wf4d6
,,,,Disturbed,3TOqt5oJwL9BE2NG9MEwDa
,,,,Mareux,7riQPkkGZBnTh9ve5qIhYo
,,,,MC Fioti,2W6kbe0nm96COrHzNmfLLd
,,,,LXNGVX,5IpS1TN1Crp8Ym4zjiIrtK
,,,,Omah Lay,5yOvAmpIR7hVxiS6Ls5DPO
,,,,Lauren Daigle,40LHVA5BTQp9RxHOQ9JPYj
,,,,AP Dhillon,6LEG9Ld1aLImEFEVHdWNSB
,,,,Chencho Corleone,37230BxxYs9ksS7OkZw3IU
,,,,Kaash Paige,0f2YkMXwFNJNSX7MymevKE
,,,,Gabriela Rocha,4fdCGYM7dtJLa3LvR1ccto
,,,,Alok,0NGAZxHanS9e0iNHpR8f2W
,,,,Elissa,68rvMwPL0yMbYR5cv0pzCR
,,,,mgk,6TIYQ3jFPwQSRmorSezPxX
,,,,Lucky Brown,11HepfI1lj6KJHj651rZhM
,,,,Geolier,27LlKWxS3KXW7RRAxN5S8s
,,,,Jack ï¿,3GBPw9NK25X1Wt2OUvOwY3
,,,,Ivan Cornejo,6PH3FLQAxtqYy46Zv08bpV
,,,,Kenny Chesney,3grHWM9bx2E9vwJCdlRv9O
,,,,Joeboy,1XavfPKBpNjkOfxHINlMHF
,,,,Loud Luxury,6t1gpxYbY8OlLA7D2RiikQ
,,,,Andrew Underberg,4zXroEby35IgWPERRcW4Ay
,,,,Aldy Santos,4bODqflR0Wo3i3fCwwCIPq
,,,,Valentino Merlo,55ru5B05MMBunM1tvH7Di6
,,,,Alessandra,35HMF6Y8dSzNfeJs3X65fw
,,,,Raj Mawer,2ygqIXEM1r7RaEn9PrbML2
,,,,Mc Poze do Rodo,28ie4NNTa2VW2QV4Zray8M
,,,,D-Block Europe,5VadK1havLhK1OpKYsXv9y
,,,,Freddie Dredd,0dlDsD7y6ccmDm8tuWCU6F
,,,,Raju Punjabi,5RnjdaS0Pqb4KgWvCoohs8
,,,,Ruchika Jangid,5NgijFuMvkarmVkTpCnwjE
,,,,Nemo,5Wg72TowYBWIcSo3K2r84N
,,,,Bb trickz,5QS9NAK4AgJPTcRe472pZA
,,,,Ghostface Playa,5xegBBY3vjR75woVR9kiy7
,,,,Sticky Fingers,3ZGr7nQBXDU2WhyXgRVbt0
,,,,Jeremya Ginting,2oywWhWDdHziqHDqCmT9hw
,,,,Charli xcx,25uiPmTg16RbhZWAqwLBy5
,,,,Ghaliaa,3FVonQ6pTMMbqYb0Rf7WE8
,,,,Dezko,4FAahCBNlbpgoAhVfuUHPD
,,,,Tucker Wetmore,4sCKpwwEsgReZxjtKFm2A0
,,,,Sonny Wern,2m8ROV7jEwm66LBxUNhUMt
,,,,Nej,2OHKEe204spO7G7NcbeO2o
,,,,Sidhu Moose Wala,4PULA4EFzYTrxYvOVlwpiQ
,,,,Inder Arya,5TVRuxsMCXb9bBuUhe484o
,,,,Muti,4lbKjEvAKni4q1GLsDcvZI
,,,,Victony,1E5hfn5BduN2nnoZCJmUVG
,,,,Jux,2ZLAPSgdMTOcovno5mGBZW
,,,,Lil Yachty,6icQOAFXDZKsumw3YXyusw
,,,,Canbay & Wolker,1hgaXjbAcED2p80Lj8dzXT
,,,,Hippie Sabotage,4dM6NDYSfLcspt8GLoT5aE
,,,,Jason Mraz,4phGZZrJZRo4ElhRtViYdl
,,,,Emiway Bantai,008PpLcKUtVXle6JSwkq3I
,,,,6YNTHMANE,24YUNOEuu3kf4OOtC8cQE5
,,,,Switch Disco,4dEayBlrVBjaQOktGkmWki
,,,,Komal Choudhary,3NDoCvXtQOPngtgRsqjcd3
,,,,KeBlack,7x3eTVPlBiPjXHn3qotY86
,,,,Paloma Faith,4fwuXg6XQHfdlOdmw36OHa
,,,,DYSTINCT,1cKyknhftNKXCjMBd2hDrG
,,,,Parsa Nani,2G65CJBA0fcdrz49ekglYp
,,,,Dominic Fike,6USv9qhCn6zfxlBQIYJ9qs
,,,,LATIN MAFIA,6XTGKOV9jceQ6f67lnhpbF
,,,,florias,1wqTCcmZZ8OwZtBT5R6HzD
,,,,Santa Fe Klan,4tm8CEdm4pkQsEh4jIr9Yp
,,,,Dev Negi,04FsFHujpuqonrPXZrEJlK
,,,,Tiagz,4DMkrFIqGXLycc4YLYTn1i
,,,,Eternxlkz,3Xd2WSaNywx5gn1pgRPFjF
,,,,D. Savage,6FqXAd1hQl7vVdIQ3hhtgc
,,,,Ty Dolla $ign,7c0XG5cIJTrrAgEC3ULPiq
,,,,Gya,1zO1FWFxxNUCqUuGATxZQZ
,,,,Gracie's Corner,7liE451ZyJBxZ4pLKgIeEH
,,,,Grupo Marca Registrada,1gW6pz5n1aK249L0GvfQCC
,,,,Nimra Mehra,54CllblgtvRRY3etlxRSq2
,,,,Brett Young,0fiWOxhsBsQQvFDtxUQWo0
,,,,Payal Dev,6FtZhorjCMfkaVJ7kKdmq7
,,,,Marc Anthony,4wLXwxDeWQ8mtUIRPxGiD6
,,,,TR-MEET,4cooI0uE8v18JWYw3C9u5G
,,,,Reneï¿½ï¿½ ,0oK8UXKZbQezeRhE0KeBAV
,,,,Lazza,0jdNdfi4vAuVi7a6cPDFBM
,,,,Garry Sandhu,7M3xY5iHSzEtoL3FpqOD75
,,,,Silento,7juKTDFlPesGeWQ1GmjmOv
,,,,Angi Fire,73YwEbcEC1sbvdO05F61Dt
,,,,Witt Lowry,5ghnxpW47ojtLHHyTLdxdY
,,,,Vegedream,4eYnorQRhVHT2KBl2UyHHd
,,,,SyKo,08ZqXO40nMrhBoGma4kls2
,,,,Baby Lullaby,48zEowASEXWsK6lgP1xotZ
,,,,Luca-Dante Spadafora,6k9e4mFFVtEAAhGdvJBtqB
,,,,Dom Dolla,205i7E8fNVfojowcQSfK9m
,,,,Dadju,4sbXXFzEWJY2zsZjelerjX
,,,,Borges,7cC7jkVtiRu4JDIrG1X51P
,,,,Perrie,0o18Cfq9RAxRqi5W4JOEPe
,,,,Kenia OS,31VFEohvhOUKrtAONEBhMG
,,,,Toy Cantando,1OXm1s4r7Ow6XgyNMWm0ZW
,,,,Portugal. The Man,4kI8Ie27vjvonwaB2ePh8T
,,,,Quiet as a Mouse,3hQmZNlWEw8Od7iNLpoNrp
,,,,The Strokes,0epOFNiUfyON9EYx7Tpr6V
,,,,Grupo Menos ï¿½ï¿½ ,6vTqEFbTtTRJsuIpzZgjxi
,,,,natori,6WmXWHmfBMhupyIs8MSqtu
,,,,Anggi Marito,1JvbNeV9zG9Sew1JyaWsyx
,,,,Anne-Marie,1zNqDE7qDGCsyzJwohVaoX
,,,,Emanero,2BTS8Np1YzPQuXjgdlqsBB
,,,,Elevation Worship,3YCKuqpv9nCsIhJ2v8SMix
,,,,Chayï¿½ï¿½n R,6dZF1SMkMqrSFJKp0mhk4B
,,,,Boy Wonder CF,01nUdqwuIHCHLZNP2TvYVF
,,,,Naiara Azevedo,0jD7VeE1m2SdHbOWeCtB9l
,,,,FISHER,1VJ0briNOlXRtJUAzoUJdt
,,,,Mehmood J,4dDplWRph6eniqpE1VIwYF
,,,,ýýýýýýýýýý ýýýýýýýý,
,,,,Wisin,1wZtkThiXbVNtj6hee6dz9
,,,,Galantis,4sTQVOfp9vEMCemLw50sbu
,,,,Rahul Sipligunj,1H4ZvA2yyK7wCmbvEUWvPn
,,,,Hannah Laing,1QEd635szhierW6gzRiS1o
,,,,CHINCHILLA,7iNrvS80wnHDGVxw3qNRiI
,,,,Fresh X Reckless,3uB3wq2PdbbQpr3jCsQusC
,,,,Quality Control,6i392l38cR3uBPF0DbNs7S
,,,,Montell Fish,5nvWOyAkfNgVLKESq4fOj2
,,,,Gustixa,5dLfdoRqimRnbTC19bdbRD
,,,,MC Cabelinho,1WQBwwssN6r8DSjUlkyUGW
,,,,Bebefinn,0HOIrKyqmmjsxXIhuIx1Q3
,,,,Nicki Nicole,2UZIAOlrnyZmyzt1nuXr9y
,,,,Enchan,26XGM4cZDcTgrXo1nis5HT
,,,,Alacranes Musical,2aZtzjAzD8fq3OhZ9egqda
,,,,Gummibï¿½,6NJb7ZCMVLu2ZXwWJa2O3G
,,,,Gerardo Coronel,6JoYL9QYbdgPb6EuE5J2pC
,,,,Bruno Portinho Trilhas para filmes,2phZ6dBYIUZjs1XE5frAKL
,,,,La Joaqui,60XHOAhvEBiV6BGBOv8ClM
,,,,Ela Taubert,5xS8cfsAaFyy188dNJGDbM
,,,,Lil Dicky,1tqhsYv8yBBdwANFNzHtcr
,,,,Capital Cities,4gwpcMTbLWtBUlOijbVpuu
,,,,Kim Loaiza,1QivQCLVipV61DiQiyV14A
,,,,Deep Chills,12rBrcOPP50qIan8ew4iTP
,,,,WIU,3MrDVzg7ZXaYMyQmbDInr7
,,,,Cleffy,0Dd84sfPxs6Aj0PjlCM1P7
,,,,Clairo,3l0CmX0FuQjFxr8SK7Vqag
,,,,Dï¿½ï¿½melo ,00BUyp4ARwFm96JWiIaDFK
,,,,James Bay,4EzkuveR9pLvDVFNx6foYD
,,,,L7NNON,0JjPiLQNgAFaEkwoy56B1C
,,,,NIKI,2kxP07DLgs4xlWz8YHlvfh
,,,,Ariis,09cKncAQn28NqTUORLMwSR
,,,,Tech N9ne,6UBA15slIuadJ8h2lPRPos
,,,,Zion & Lennox,21451j1KhjAiaYKflxBjr1
,,,,tripleS,5Z71xE9prhpHrqL5thVMyK
,,,,elijah woods,3IR6DvP0x2a6oUSist9UMu
,,,,PEDRO SAMPAIO,5wbf52LA6kcaboHSN6NEF1
,,,,Benzz,2GYIFLUsVVHPPUzOfJndRh
,,,,Melanie Martinez,63yrD80RY3RNEM2YDpUpO8
,,,,BIBI,6UbmqUEgjLA6jAcXwbM1Z9
,,,,gnash,3iri9nBFs9e4wN7PLIetAw
,,,,DELLAFUENTE,4bJh7sMPcVRiqe5jlnsWQV
,,,,Rochy RD,4riOEaOW5hCeqomFDBk0aP
,,,,Akhil Sachdeva,3TOhzLRYnkkul71yRBxIoM
,,,,Siddhant,7MvVqxTIBwWLIiD8s0aDMV
,,,,Miguel,360IAlyVv4PCEVjgyMZrxK
,,,,Byron Messia,3IDfJpj4YVkaBl7Dd52Pxv
,,,,ýýýýýýýý ýýýýýýýýýýýý,
,,,,Picus,2BUqEy3gCJYDKmKqV06Ojt
,,,,"""XY""",61ouLD98pjIl5wYZ13zUGp
,,,,Ruth B.,2WzaAvm2bBCf4pEhyuDgCY
,,,,Zï¿½ï¿½ Fe,6jrrAuBgAfP9W2HVscZYPw
,,,,The Walters,027TpXKGwdXP7iwbjUSpV8
,,,,Niklas Dee,1ZPGzmbFTn8GRjqTqnLiFE
,,,,JRitt,4qwxLDyAkymBMn2QfQn3ZV
,,,,Ian Lucas,4Y5ngKq3InS4UveL0Sp7Ik
,,,,Dj Belite,0kDOao6cVpYBKRLPXokuDF
,,,,Victor Cibrian,1iXdpCz3AeLEAvzqeNodt8
,,,,Jeremy Zucker,3gIRvgZssIb9aiirIg0nI3
,,,,ýýýýýýýýýýýýýýý ýýýýýýýýýýýýýýý,
,,,,Os Barï¿½ï¿½es Da Pisad,0MmxNFGHvbNBH9CwpXwcby
,,,,Tenacious D,1XpDYCrUJnvCo9Ez6yeMWh
,,,,MGMT,0SwO7SWeDHJijQ3XNS7xEE
,,,,Ven'nus,37sDYqqodoEv0XbJxCSLSK
,,,,Mannat Noor,0TxBLummgAxRkxn21HrLDp
,,,,Gajendra Gurjar,7KMSD8UQUJo8E03GATB45U
,,,,Mankirt Aulakh,3uHUKCspaCzAab9A3LlGAr
,,,,Bora Media,307K1LRa91vXcrTvASK0qX
,,,,Guns N' Roses,3qm84nBOXUEQ2vnTfUTTFC
,,,,Lusia Chebotina,6HaPN2wOlwvk2sJvJrF0a5
,,,,Bryan Martin,0ChjBYedhZTQnWZWQYg15U
,,,,Julianno Sosa,4IC2X34tZmHG3VfTbpzvwL
,,,,Zay Hilfigerrr,7nKeLE1toRtW4M279iS26h
,,,,Bgnzinho,5Km5CmAW8ReOXLd26uLPXL
,,,,Butrint Imeri,3oo88ul6DPnYZwZG4CZBTY
,,,,Taio Cruz,6MF9fzBmfXghAz953czmBC
,,,,Duki,1bAftSH8umNcGZ0uyV7LMg
,,,,Rose Villain,2aya6KuqjXEhHBqYKsTPLs
,,,,Egzod,3exvMmrLV6o4R42YnG3Id6
,,,,Nico & Vinz,0awl5piYwO0CDTHEkCjUhn
,,,,Megan Moroney,5Ppie0uPnbnvGBYRwYmlt0
,,,,clipping.,5HJ2kX5UTwN4Ns8fB5Rn1I
,,,,Julia Michaels,0ZED1XzwlLHW4ZaG4lOT6m
,,,,MC L da Vinte,0lHB0Qc4pmD5RkTLlHeESo
,,,,Grupo Soï¿½ï¿½,2EliUhznUrwHp1yJvhlHQF
,,,,Ander Huang,1mAjrDuYNJU2ilt49OITNK
,,,,Sasha Alex Sloan,4xnihxcoXWK3UqryOSnbw5
,,,,Matuï¿,2VqTonKthGJNoE3oYzsxzY
,,,,King Savagge,7DXregrznS25AM30UY9sUU
,,,,Bulan Sutena,68RAauMwSCMeQtOkYNAn5X
,,,,OP,5X2XAU0eSvRPWUl9hUb9mV
,,,,Rahat Fateh Ali Khan,3OLGltG8UPIea8sA4w0yg0
,,,,Maria Marï¿½ï,54oub6uzta6IHPRNCQlttQ
,,,,Dalex,0KPX4Ucy9dk82uj4GpKesn
,,,,Kid Pharaoh,5aUpWfDyHZ8h81nGpvHTmo
,,,,Darius Rucker,7FY5V3XMwlNBPitEjXowHQ
,,,,Ir Sais,4NEThNYJ3WyNcJWcmpjq88
,,,,Normani,2cWZOOzeOm4WmBJRnD5R7I
,,,,Kï¿½ï,4QIzqQPuyAedNFvjcHWXkA
,,,,Annalisa,0EqkKYDK9EkKY5N7zU3FPv
,,,,Franglish,4uJNQGa3L2frXDxwgouTIw
,,,,Camidoh,6Z9Xe5mjocmPOhz2TLNrAi
,,,,Bob and Tom,0SI0g3hl5j7QqYkpCNUoBv
,,,,Leah Kate,6oWOHAOyBUn6aJlKIPJK9r
,,,,Jonas Blue,1HBjj22wzbscIZ9sEb5dyf
,,,,DJ Jeeh FDC,5lal0BjsooQ7ON4t7B73bp
,,,,Mac Miller,4LLpKhyESsyAXpc4laK94U
,,,,The 1975,3mIj9lX2MWuHmhNCA7LSCW
,,,,Chayce Beckham,5ujvZU2thXjZgFKPUt1rDt
,,,,Chino & Nacho,5NS0854TqZQVoRmJKSWtFZ
,,,,Becky Hill,4EPJlUEBy49EX1wuFOvtjK
,,,,Jamie Miller,2LkkwxA19J8C52wPQl5bG6
,,,,Prinz,0tOWWVeVRQUE7nS0J43Zm9
,,,,Blood Dance,1okJ4NC308qbtY9LyHn6DO
,,,,RIIZE,2jOm3cYujQx6o1dxuiuqaX
,,,,Moneybagg Yo,3tJoFztHeIJkJWMrx0td2f
,,,,Alejo,50sIhX3HytFEwQXZJLUZQE
,,,,PARTYNEXTDOOR,2HPaUgqeutzr3jx5a9WyDV
,,,,Cï¿½ï¿½dig,0kae1me7G0q8P8yoBqJfFd
,,,,Ashnikko,3PyJHH2wyfQK3WZrk9rpmP
,,,,JEON SOMI,7zYj9S9SdIunYCfSm7vzAR
,,,,Milky Chance,1hzfo8twXdOegF3xireCYs
,,,,Fira Cantika,0Oj0DdWT4Yt5Dsy4woMNIz
,,,,King Promise,4tIKaxUmpXzshok2yCnwdf
,,,,Luvia band,68LnYWYS7UQ67awNV3RO6a
,,,,Fabio Asher,6FTLayBxjkQeanFdUusk1I
,,,,Liam Payne,5pUo3fmmHT8bhCyHE52hA6
,,,,Gesaffelstein,3hteYQFiMFbJY7wS0xDymP
,,,,Melike ï¿½ï¿½,16GyR4WfCnIT2XST4ZLl2B
,,,,Jennifer Lopez,2DlGxzQSjYe5N6G9nkYghR
,,,,Nelly,2gBjLmx6zQnFGQJCAQpRgw
,,,,Yiï¿½,
,,,,g3ox_em,0Zw2ivPEDptvMHwCXjhdRs
,,,,Alesso,4AVFqumd2ogHFlRbKIjp1t
,,,,Israel & Rodolffo,41QLxRXlc2NwfJZkHGHKid
,,,,The La Planta,4oZolC0sCwCAKqsNXfRlVS
,,,,Amrinder Gill,1x02ug1CLkx7mrQP9FRswh
,,,,YUQI,22aCD8IrQZjcPgZw728QT6
,,,,Ghali,3egWSWp7Y4FyCKIyvXbw7L
,,,,Eve,58oPVy7oihAEXE0Ott6JOf
,,,,YBN Nahmir,3gGUMEwIX6XodWsYEvKSal
,,,,Ghost,1Qp56T7n950O3EGMsSl81D
,,,,Two Feet,5sWHDYs0csV6RS48xBl0tH
,,,,Famous Dex,0WOxhx4hikIsyF3CRPLC8W
,,,,Cash Cobain,2R0CFyeMDiRbfkhkIMbyl1
,,,,OctaSounds,5e5qqOuMqXkam66HTdbrwF
,,,,Corey Kent,3sUpZrkehiGBaMzs2h9Mmc
,,,,Bazzi,4GvEc3ANtPPjt1ZJllr5Zl
,,,,13 Organisï¿,19u3RGWKsjmbg9eI6zAiNp
,,,,Kï¿½ï¿½ï¿½,4QIzqQPuyAedNFvjcHWXkA
,,,,Lola Amour,29zSTMejPhY0m7kwNQ9SPI
,,,,Bounce Oï¿½ï¿½ï¿,6XxLVuFoMx7IKEINZdf3Xq
,,,,DJ Luian,64aJYyrXljOodnUG6jvhRD
,,,,Frank Ocean,2h93pZq0e7k5yf4dywlkpM
,,,,Favï¿,7JWJRzjFr2Qt5yB9ondmoq
,,,,Beach House,56ZTgzPBDge0OvCGgMO3OY
,,,,JT,39af15p0feaAOdL9DTRj3m
,,,,MAGIC!,0DxeaLnv6SyYk2DOqkLO8c
,,,,Rob $tone,2hWs22BmQkK4czFtDLnar2
,,,,BoomBoxRepairKit,0dXJB3dw5jB5efpAzsociQ
,,,,Waka Flocka Flame,6f4XkbvYlXMH0QgVRzW0sM
,,,,Bonnadol,5n9BlWeR1FHLkvUepbrLwN
,,,,Amo988,05c2IUQGegTcqtWeWwuJ06
,,,,Tank,4mwXUEKaW4ftbncf9Hi58l
,,,,Indila,0FEJqmeLRzsXj8hgcZaAyB
,,,,Donald,23U808v5GbnGrEIqalCIXi
,,,,Rachel Platten,3QLIkT4rD2FMusaqmkepbq
,,,,StarBoi3,2WgfkM8S11vg4kxLgDY3F5
,,,,Yot Club,6FugQjLquBF4JzATRN70bR
,,,,H.E.R.,3Y7RZ31TRPVadSFVy1o8os
,,,,1da Banton,6dlzQ6fiPna40trq1Ek6cb
,,,,WILLOW,3rWZHrfrsPBxVy692yAIxF
,,,,Hachi,6ptdMFoqgQZRoccAYK9Opd
,,,,G.D. Kaur,1JASStJXixMu8BtchqHp2s
,,,,Lasso,3SCOuAxngTC1yGjKMcIPEd
,,,,Kxllswxtch,2VDZoCBGjxbHJbnzSX5nP6
,,,,DJ GLK,4OJpnv0uTUaneOgrWdt0oY
,,,,Jorja Smith,1CoZyIx7UvdxT5c8UkMzHd
,,,,Skylar Blatt,5B0hUg80AXXuTKryq9mFs1
,,,,Stephanie Beatriz,5PYToRCsrnvikZg3yl2JMr
,,,,KEVIN ROLDAN,1RBzGO6Nm3uyhUSxP7EDWO
,,,,Uzii BigTalk,
,,,,1nonly,3ZHU5AKrUmIPnCFfr82QER
,,,,Chahat Fateh Ali Khan,0jL4RvD2dfWVagEW3S7NIx
,,,,SDM,0LKAV3zJ8a8AIGnyc5OvfB
,,,,Gorillaz,3AA28KZvwAUcZuOKwyblJQ
,,,,VIVIZ,7Lq3yAtwi0Z7zpxEwbQQNZ
,,,,Kent Jones,3jHBxvZ9gbBkZ17wKUqVsO
,,,,BlocBoy JB,4TEJudQY2pXxVHPE3gD2EU
,,,,Armaan Malik,4IKVDbCSBTxBeAsMKjAuTs
,,,,Parker McCollum,0Z8XVUAOBPM4x12wKnFHEQ
,,,,mafalda cardenal,1AsstJ8Cf7uQX92weRmZRz
,,,,Sada Baby,2JSwnwAT1BupAQkhqcRCUw
,,,,D Gerrard,1k7MP2tMC43vM0b0wg8HHg
,,,,Wild Child,1xLMexpeeTKQ20SwGMaGSK
,,,,LIZOT,12A83CWwFiyXy90ScLWPIe
,,,,Bakermat,3MyFDtqB80WZvbtCZRsekM
,,,,Lunay,47MpMsUfWtgyIIBEFOr4FE
,,,,Stacey Ryan,3sXwEUqxSzb11VpuFa5cvJ
,,,,A$AP Ferg,5dHt1vcEm9qb8fCyLcB3HL
,,,,YungManny,03T8GHHcCEtcfnjbP5aHLg
,,,,Mc Paiva ZS,0gHj4MPwwcZ8Zl9CY0hqT5
,,,,Memphis Cult,6n9sdNb7mWvVmARDT6ujnJ
,,,,Calboy,0HkcYmcjrBR3SCw9Ld5VZk
,,,,Luan Santana,3qvcCP2J0fWi0m0uQDUf6r
,,,,Fatih Bulut,4QYrSz56GbbWzazB3ykW7G
,,,,MUPP,7B9Gg9epjQzfNGdxijFczG
,,,,Cian Ducrot,49jTY62Cpw3RYo4dLuG43W
,,,,Glwzbll,4xNuIo74R6m1eXaz7RlpZ6
,,,,Kazuo,6JN1a5p0aucHtYCLSl3vnY
,,,,Baby Gang,3LvwPiJQJ0da0GurKMToV0
,,,,Djpaoremix,3yGM0TJUD10tbvHaHdNw3j
,,,,Robin Schulz,3t5xRXzsuZmMDkQzgOX35S
,,,,venbee,4UWWa5dKgTLAx8mv6Ju6X1
,,,,Renn,2hUYKu1x0UZQXvzCmggvSn
,,,,Mc Livinho,7me0S5Z40qVWj3gzyK8aC3
,,,,SwitchOTR,6Xz6ZnGZZ1KKct4jTyKKZv
,,,,ALTï¿½ï,1zbwZNAHKDnZIxgtDbneSz
,,,,Yung Filly,3OEJ7D4RwbnNFuG9JczKEa
,,,,Flo Rida,0jnsk9HBra6NMjO2oANoPY
,,,,Pierre Garnier,07UyhXWf7aDbvCZKhTKCpr
,,,,Ahmed Saad,5D2ui1KD49TfyCDb35zf5V
,,,,Flipp Dinero,2HUwZ0kumzCSlhFcjFZfpp
,,,,Bishop Briggs,0yb46jwm7gqbZXVXZQ8Z1e
,,,,Atif Aslam,2oSONSC9zQ4UonDKnLqksx
,,,,Tom Grennan,5SHxzwjek1Pipl1Yk11UHv
,,,,sped up nightcore,0M2CO5ijP35MDhNwvpgxTV
,,,,SPRITE,0sfCNfNJnqVgcPHcO9htcy
,,,,Joyner Lucas,6C1ohJrd5VydigQtaGy5Wa
,,,,Destroy Lonely,1HPW4jeRjXBFRoUnSvBzoD
,,,,Aretha Franklin,7nwUJBm0HE4ZxD3f5cy5ok
,,,,Ricky Desktop,6CTStccOisUTgXVrtCIANm
,,,,Music Factory,7krx6UBDKLwE0q3s3fesqF
,,,,ITZY,2KC9Qb60EaY0kW4eH68vr3
,,,,Akris & Teddy,4g7uljw1V6MQd7dp8efx45
,,,,Shivali,3xpt9qSn3lDV469oOsCyBD
,,,,will.i.am,085pc2PYOi8bGKj0PNjekA
,,,,Keala Settle,7HV2RI2qNug4EcQqLbCAKS
,,,,DJ Ws da Igrejinha,0NB5wv4kn6A919CLHUKRmk
,,,,Baby Lasagna,1ncWEkB4AQh1rxC8ObpBoH
,,,,The Blessed Madonna,4TvhRzxIL1le2PWCeUqxQw
,,,,Red Velvet,1z4g3DjTBBZKhvAroFlhOM
,,,,MK,1yqxFtPHKcGcv6SXZNdyT9
,,,,Q' Lokura,7dlkBH23ERFXxuNoMHq94Y
,,,,Justin Quiles,14zUHaJZo1mnYtn6IBRaRP
,,,,DNCE,6T5tfhQCknKG4UnH90qGnz
,,,,"Luis Angel ""El Flaco""",4kJ2OBSNasUA4yOT5NCfCl
,,,,Dildora Niyozova,3cFU7EjI04a0TSVvMPhxyH
,,,,Bingo Club,0nLmmtje0AmaVYALhs9kVv
,,,,Codiciado,0IoWUuXfqpkfpxBRzthHU4
,,,,Fireboy DML,75VKfyoBlkmrJFDqo1o2VY
,,,,Guilherme & Benuto,6m6e7D2TnV0aYMllFFwMxu
,,,,Bad Omens,3Ri4H12KFyu98LMjSoij5V
,,,,Elmo,64TYMfqkpGQsUEuF5xqS2R
,,,,Macklemore,3JhNCzhSMTxs9WLGJJxWOY
,,,,BANDIDO,66qhDahtN92FDgqIl9VVyO
,,,,Hypaton,5GYaRwCWwhU6SIQrQ5G3b7
,,,,LEA,538iX6YCTybcgzsrjDTrFi
,,,,Jessie J,2gsggkzM5R49q6jpPvazou
,,,,aldn,2GUw9Wzha61PkZoRVv1PDD
,,,,Hot Lemon,5lmsXZEApi55rpJeC11of7
,,,,prod.67,4cs9cLRNrS0i8JZOWr24Dx
,,,,Carlos Agassi,227OIt25gjpZqLOVawA63Q
,,,,TAEYANG,6udveWUgX4vu75FF0DTrXV
,,,,Marnik,6S3KljEiIOWoLMUyZrkQUc
,,,,Crayon,5U1i5YedIdNjqnbrrvuxSs
,,,,Chance Peï¿½,4lhUHpVOXmkEBGGHV71QCh
,,,,Harmonize,1eCaedusgydlcn69blHOvL
,,,,Noah Cyrus,55fhWPvDiMpLnE4ZzNXZyW
,,,,Los Gemelos De Sinaloa,1Zkxm1dM3HI3QkTmxUEVQA
,,,,Rei,0vR2qb8m9WHeZ5ByCbimq2
,,,,THE ANXIETY,64H8UqGLbJFHwKtGxiV8OP
,,,,Philly Goats,2WdQEgolM3ReWDLVbULP0U
,,,,La Pantera,0IEzMvarfVycBJAXjjEZOL
,,,,Gym Class Heroes,4IJczjB0fJ04gs4uvP0Fli
,,,,ILOVEMAKONNEN,3aGFCoR8xGN6DKwvdzeSja
,,,,MC Caverinha,7tojcuXcZ7eBlQjbAc65Ee
,,,,Benny Dayal,61if35zz1W11GejEkxTLEQ
,,,,Roy Woods,7mDU6nMUJnOSY2Hkjz5oqM
,,,,beabadoobee,35l9BRT7MXmM8bv2WDQiyB
,,,,Hitkidd,5pR1zWq3UPsOpW1pTWayLf
,,,,TOADI,0MnuJzPRfAlPNNwUge2srJ
,,,,DJ RICK 013,3Cd3LHNXuJd9NudRiH1IxS
,,,,10CM,6zn0ihyAApAYV51zpXxdEp
,,,,Kadu Martins,57VQCKnZ9nhS7bvoviXuZK
,,,,Nathan Dawe,2gduEC76ry33RVurAvT05p
,,,,Dj Bentoa,39TG7mv7cuey0ak7YNUpZx
,,,,Roach Killa,62RUJAVFb2U8n54mYnZAmS
,,,,NANI,0mxcC38vLiMEP8g4MVNhO4
,,,,M83,63MQldklfxkjYDoUE4Tppz
,,,,Henry Moodie,7hr9W3IjXcm3UlLY7guLk5
,,,,Matheus Fernandes,37mqXU98U5GmH5ZDtlHM1c
,,,,Ritesh Pandey,65v36mVt3plNHHtR1B7mMX
,,,,lucidbeatz,4jEwTCIHu0hdDbamxScpou
,,,,347aidan,0bBz5bRBkExaej2HxtVfCw
,,,,Diplo,5fMUXHkw8R8eOP2RNVYEZX
,,,,Emmy Meli,71szvmFWd7TUa7b6XmXj9k
,,,,Omar Apollo,5FxD8fkQZ6KcsSYupDVoSO
,,,,HRVY,28y6CyJNkGNjJQKrlx4AmN
,,,,Dennis Lloyd,3EOEK57CV77D4ovYVcmiyt
,,,,ElMusto,1Tjaa3WWIVU00kfZ8Dvpcl
,,,,Aditya Gadhvi,68BDWvc511MC0b6eAmH7gW
,,,,bonnadol,19IYWJFjZPv3INWYpkavTc
,,,,MODELKI,3cBLJizprytrMpuFbnRnaE
,,,,AronChupa,5vCOdeiQt9LyzdI87kt5Sh
,,,,SativaMusic,6p46LxMXeRu3FRYN4tK5Lv
,,,,Cleo y Cuquï¿½ï¿½n - Familia Tele,12uO5kWyKfUn41Gchg2H0x
,,,,42 Dugg,45gHcnDnMC15sgx3VL7ROG
,,,,Millind Gaba,7hVmdlsJp0E2WQIvVl8ngN
,,,,Parmalee,4TshyQDihSYXSWqvclXl3I
,,,,NATTAN,1SXhEXzOTF7YeuQX59m7pT
,,,,Echosmith,1PbBg2aYjWLKRk84zJK15x
,,,,Robin Trower,0MAvx5yzdhylg2ztJC3MD3
,,,,Los Dos Carnales,25UNJbwGZSQKvz5cPLWlv3
,,,,Nirvana,6olE6TJLqED3rqDCT0FyPh
,,,,Durdenhauer,2CaWJMR1eyvq8n5h96ggJC
,,,,tuki.,1Y5vJqABeI6QI6R95EDV6o
,,,,IShowSpeed,0V5bkwV2Bd90bMLMc8JFeS
,,,,NOAH,6y7T3BaNMGAYgRbATEq4cM
,,,,Argy,1NaQOKgddaJipUtmptb7GI
,,,,Mon Laferte,4boI7bJtmB1L3b1cuL75Zr
,,,,yuji,7xIfi0ePXzLGlYO5lFjnvu
,,,,S1mba,71jSVPQ6yskfyvWeiwvT5s
,,,,Sueco,4iDroUFo89Y7YBsdDTBmTD
,,,,Jaani,5gZhfbckaWo89OzDSk3gdT
,,,,Adrian L Santos,2KtMgfc6pR6Jpovuqrs8Ac
,,,,The Living Tombstone,0I6yADrmeyvw66g7yjkqIF
,,,,charlieonnafriday,1hmTCch4tWOJmdqkf8nSRA
,,,,Raphael Saadiq,6g0Wah2YFtb1rFgKhUktlo
,,,,Sam Barber,08GfvCW09pv2QP4y9sle2a
,,,,Aman Jaji,3VJGHT0QL4RFU1DVpinyo3
,,,,AKDO,17EAWIoXAMU9Vo9xRrdZQ0
,,,,Puri,1TtJ8j22Roc24e2Jx3OcU4
,,,,TAEYEON,3qNVuliS40BLgXGxhdBdqu
,,,,Wallem,2o2CRRCpnDUnTQkZX6xgQj
,,,,Kevin Gates,1gPhS1zisyXr5dHTYZyiMe
,,,,KayBlack,2h5Ha0ZiMFmOQD3iYcSXsy
,,,,Wale,67nwj3Y5sZQLl72VNUHEYE
,,,,Justine Skye,0jUQSUOcM7lxVn5eVGTkzQ
,,,,JO1,2koP6FEfIEVk4l2Fe6jFhu
,,,,BE:FIRST,4wCW8kZ8LL7QIdcE8EOKPP
,,,,Nï¿½,4QIzqQPuyAedNFvjcHWXkA
,,,,DPR IAN,2o8gT0fQmFxGNbowbdgeZe
,,,,Dylan Scott,78YqeIji3mgAS2K1Maca6x
,,,,Alex Temple,0ZyHdVa2eb82uMFCazvADn
,,,,Sintage,5ZhBmNYVqgfv2hYwZORLGr
,,,,Blueface,3Fl1V19tmjt57oBdxXKAjJ
,,,,Huda Sisters,0kRa1YgEXRXLnnSRqCWiGi
,,,,Sonny Fodera,39B7ChWwrWDs7zXlsu3MoP
,,,,Uni kukka,62Yb31CT5Tgsy3MLyRouzp
,,,,Lola Indigo,3bvfu2KAve4lPHrhEFDZna
,,,,Kings of Leon,2qk9voo8llSGYcZ6xrBzKx
,,,,Mï¿½ï¿½lod,2X3Invt8lYGm7czZvFUPCj
,,,,Skrillex,5he5w2lnU9x7JFhnwcekXX
,,,,Ashley Mehta,0SkdOD7lcoBZaLOh2dsMsA
,,,,Dirty Heads,6GkJh85o22LfD2vgL9DP6f
,,,,Pablo Chill-E,2XcZshqzPKm3iZcmt73R8D
,,,,La ï¿½ï¿½nica Trop,3T1Lu1IRhGACzC4L6X7g71
,,,,Matt Sassari,21dVknSLCsK37cWozWDZZS
,,,,American Authors,0MlOPi3zIDMVrfA9R04Fe3
,,,,Old Dominion,6y8XlgIV8BLlIg1tT1R10i
,,,,Dyamante DJ,3i7Bn2SoEkRVEGkdz9o6Yu
,,,,Heuss L'enfoirï¿,3YwqjMyrRfuixi2pbgTGCE
,,,,Ingratax,62YF0FglEltB3CnVIjoko8
,,,,Young Sunny Boy,2lYOd0IUkR3bzbX1PCjJU8
,,,,41,0yknvLWQZxwsMjhUhwWZQ8
,,,,Mongo Santamaria,2oVwztjpHpJlAvlVVuqVa0
,,,,Roylimar y Royerlin,
,,,,Lyrical Lemonade,3VrGfWE8YdYMK4ySpnE0ly
,,,,Down Time,6fzpjjvPkDAOyTBgAnjzmM
,,,,Misael De La Rosa,1C88SVigMKY1CefGmK6Y4r
,,,,DJ Arana,22RXQj1gd5zEbcRjdxiJbu
,,,,Carly Pearce,4sIl4BTo9l9KqEi0Y3RE72
,,,,Standly,0rjms710nwQTdrQheXHJfz
,,,,Wallows,0NIPkIjTV8mB795yEIiPYL
,,,,Rita Ora,5CCwRZC6euC8Odo6y9X8jr
,,,,Moha K,6o5sl0TGublDPXyMHdMq1E
,,,,Lenny Tavï¿½ï¿,1pQWsZQehhS4wavwh7Fnxd
,,,,Rick Astley,0gxyHStUsqpMadRV0Di1Qt
,,,,Of Monsters and Men,4dwdTW1Lfiq0cM8nBAqIIz
,,,,Livingston,2fPsJqR6zfoHatC1eFr0eQ
,,,,Hassan Goldy,2OMUnrqceIyGjztLoW4F27
,,,,Tom Walker,7z2avKuuiMAT4XZJFv8Rvh
,,,,Dan + Shay,7z5WFjZAIYejWy0NI5lv4T
,,,,Axwell /\ Ingrosso,2XnBwblw31dfGnspMIwgWz
,,,,VaporGod,2OXa1OHxPJrgxTMzcvysxm
,,,,Danna Paola,5xSx2FM8mQnrfgM1QsHniB
,,,,Rajeev Raja,1SWnIGbb2RS7i8n9sVG7P0
,,,,Nabila Maharani,0LrRU8pQ9MjBzuFBViE0vW
,,,,LUCKI,5tQMB0cuNXdCtzovGt55uD
,,,,La Adictiva,49EE6lVLgU8sp7dFgPshgM
,,,,Bring Me The Horizon,1Ffb6ejR6Fe5IamqA5oRUF
,,,,Iyaz,5tKXB9uuebKE34yowVaU3C
,,,,PlayaPhonk,1SwmXTElW9TlkK2Rydgb4D
,,,,Param Singh,5VcLs7XsTFlhhaW3I4i4gC
,,,,Money Man,3Rx4PJ7SP6unkOk5elPUK7
,,,,Rex Orange County,7pbDxGE6nQSZVfiFdq9lOL
,,,,HWASA,7bmYpVgQub656uNTu6qGNQ
,,,,Melendi,1EXjXQpDx2pROygh8zvHs4
,,,,salem ilese,3QJUFtGBGL05vo0kCJZsmT
,,,,Green Day,7oPftvlwr6VrsViSDV7fJY
,,,,Pozer,438fi8qqvXNEPoUrYLIO7J
,,,,Cage The Elephant,26T3LtbuGT1Fu9m0eRq5X3
,,,,C. Tangana,5TYxZTjIPqKM8K8NuP9woO
,,,,Chike,6zK1M4TcabpLQMNmmG2P0Q
,,,,ýýýýýý,3Z0p0xibLO0DlhW1QAY3Be
,,,,Kouz1,3siTsIx6IEreSUva7pVnZ8
,,,,Gente De Zona,2cy1zPcrFcXAJTP0APWewL
,,,,DripReport,3O5HD95HTEPgoPFOjAb7yV
,,,,Jaziel Avilez,6LC8g4SRSqJ4zm6sQeutFZ
,,,,YG,0A0FS04o6zMoto8OKPsDwY
,,,,$OHO BANI,3KQylwDxYE7Vxli0BSuwaf
,,,,Nadhif Basalamah,6UgERnTHmjk3qXM9x5vzyO
,,,,Kuami Eugene,0GGKrcPOlBkmBzQDf2Ogkl
,,,,Dayzy,73vw5SNnPUIOnAsEj7sz5j
,,,,DJW9,1q0sEpN2xVjnEPuEs644mX
,,,,SunKissed Lola,4bLLB1dbsRVUTcMpnDGDO2
,,,,juju<3,496w0Fyed8J7IRzn5Ffb6x
,,,,Natalia Lafourcade,1hcdI2N1023RvSwLzTtdsp
,,,,BABYMETAL,630wzNP2OL7fl4Xl0GnMWq
,,,,Thirty Seconds To Mars,0RqtSIYZmd4fiBKVFqyIqD
,,,,Foudeqush,0XFgM33h3Ls5tj1M9IKUWd
,,,,Rusherking,3Apb2lGmGJaBmr0TTBJvIZ
,,,,BANNERS,4qWnlmXWuGv2TtuxtIWlJX
,,,,Tyler Childers,13ZEDW6vyBF12HYcZRr4EV
,,,,MORGENSHTERN,0XNKQFs2Ewb3y0VsFUFc5l
,,,,EBK Jaaybo,7iKgSlIINjat3bsCYiNMYX
,,,,NLO,6QmhD5Do8Uxo4eY4qHSTnk
,,,,Jagananna Connects,03amVhJev9FBH0kxRLUVRK
,,,,Curtis Waters,2JbE7jUIGtpXSzytnyMg6U
,,,,Tyler Antonius,63wjVVauFUQ4gBw6QXTT5N
,,,,Aitch,2PJEagPIxaBugeMjIyKVXF
,,,,Aerosmith,7Ey4PD4MYsKc5I2dolUwbH
,,,,The Rare Occasions,1QfpRUtH14JLoY6F6AYmwt
,,,,dreamsoda,6PxIBIC6X6ABCIXnAgGUdc
,,,,Sarah Cothran,3kft86DbqCNr7rjq3pEj0G
,,,,Luis Alfonso Partida El Yaki,5l6N2hoIaP7snXdjnCULvk
,,,,Justice,1gR0gsQYfi6joyO1dlp76N
,,,,The Killers,0C0XlULifJtAgn6ZNCW2eu
,,,,Nelly Furtado,2jw70GZXlAI8QzWeY2bgRc
,,,,digV,1mSR5X1EyL3MojaBbLHKnK
,,,,Snoop Dogg,7hJcb9fa4alzcOq3EaNPoG
,,,,Sandeep Surila,3e8w0spgCVGCr3v3ZO5QSs
,,,,Dante9k,6G5rJU2X575U83tkrcA7XN
,,,,Tony Effe,6CKch2otN4SPznHf9ms5JF
,,,,Danilo Stankovic,656DEjf8bYlGw2DqBj28qz
,,,,Slowboy,65FHTCI8EmW94W0TdWb8ja
,,,,Logan Paul,7uMSsrbX9MJzf161IcY7KU
,,,,fellow fellow,1aEKvjRnbf1laB7DVXFqsG
,,,,Ron Gallo,4rfE3kN2zKNC9L9tt3iVOg
,,,,Summer Walker,57LYzLEk2LcFghVwuWbcuS
,,,,Jhenï¿½ï¿½ ,5ZS223C6JyBfXasXxrRqOk
,,,,MC Kevinho,1mXAhKnZEdF6rotyyd4GBi
,,,,Gene Ess,2dJpV8XaMZlD0SbTuFUyXh
,,,,Banda MS de Sergio Lizï¿½ï¿½r,2C6i0I5RiGzDKN9IAF8reh
,,,,Santhosh Narayanan,5FVBduYaeVBb6JIghza7v6
,,,,Mother Mother,0e86yPdC41PGRkLp2Q1Bph
,,,,Gazo,5gqmbbfjcikQBzPB5Hv13I
,,,,Mike WiLL Made-It,0NWbwDZY1VkRqFafuQm6wk
,,,,Pineapple StormTv,09U6hmCerKcIJrixubiBjm
,,,,Lumi Athena,1TTHC3GlNDaE5eVoC3BVxm
,,,,KIDS,07XSN3sPlIlB2L2XNcTwJw
,,,,Jasiel Nuï¿½ï,0T8Ix53aIN4F7aEKj4EnKy
,,,,Akon,0z4gvV4rjIZ9wHck67ucSV
,,,,Pearl Jam,1w5Kfo2jwwIPruYS2UWh56
,,,,Rich The Kid,1pPmIToKXyGdsCF6LmqLmI
,,,,Fire! Orchestra,0YfVUjHFL0QWCSFRzliCDk
,,,,Bhavi,7fT2Me47PQ8T7954PKrcwR
,,,,Chlï¿½,1FtBEIWAwvw5ymBen5GICR
,,,,epi records,7BGV9D8b0OmMHbHsjsmXFT
,,,,Giblack,7gaPV9Yp3OkLFjFGSscAhI
,,,,ýýdith Piaf,5XsRVVokqG9HCz3PfQMUjN
,,,,BARATO NATION,74zoKgbcPP1AcL9dkGtKYq
,,,,TaitosmitH,0CR1aLS3JQTlekHgHTga60
,,,,ýýýýýýýýý ýýýýýýýýýýýýýýýýýýýýý,
,,,,Zack Knight,7JMBJmGMqw4H33HECyW4QP
,,,,Mahalini,3wOsYKZM0zcKNasi3I7fP4
,,,,Bahaa Sultan,2KJgliIl1dMyeOMyCcnYv7
,,,,Mari Fernandez,0BHm7qbh3ENxvXzkQAG7MP
,,,,Moreart,3IuK4FcT3hsjH1GbqHEb9j
,,,,Emir Can ï¿½ï¿½ï,4XP7cGw4t8BqZ8Du5q3bHg
,,,,BUNT.,2CpLIMBoE2ZzyY3ZBCRZ7j
,,,,Andy Grammer,2oX42qP5ineK3hrhBECLmj
,,,,Bobby Helms,38EmEgXkgK51MT2tPY0EoC
,,,,Sleep Token,2n2RSaZqBuUUukhbLlpnE6
,,,,New Era,4W3B5GGdpLGvbJRj9CbEZx
,,,,YOUNGOHM,0AvGycOEDZTaBFLCaiGd9S
,,,,Savi Kahlon,6jvvFfe34NYXjWZMz7rExP
,,,,LUDMILLA,3CDoRporvSjdzTrm99a3gi
,,,,Hundreds,2yNNYQBChuox9A5Ka93BIn
,,,,Nursery Rhymes,26UV9EKIInWeV0jJysGZum
,,,,DJ LG PROD,1hPg0YVHOP4dizsVCYCnIA
,,,,Babasha,1Iq14y98EVmnXUah4ldJnl
,,,,Boaz van de Beatz,7Gl7G1JK7feTWHy1YJExfw
,,,,CoComelon,6SXTTUJxIVwMbc1POrviTr
,,,,NMIXX,28ot3wh4oNmoFOdVajibBl
,,,,Tokischa,2p4aN0Uxkk3iT3HK0cJ2cJ
,,,,Showtek,3gk0OYeLFWYupGFRHqLSR7
,,,,MAX,1bqxdqvUtPWZri43cKHac8
,,,,Ritt Momney,7MPGCB854Qo4alYMOPkBka
,,,,Rixton,0kkxsdcaWmWU2yWAqclDh4
,,,,Ha*Ash,5xd2Tg7Zo8755eCy8Gxkp8
,,,,R3HAB,6cEuCEZu7PAE9ZSzLLc2oQ
,,,,Makar,4YW1GDcW9hobRPMDi8v6XH
,,,,YOVNGCHIMI,4aSlfXDn9R60UlbZEboBUy
,,,,Oden & Fatzo,2YEnrpAWWaNRFumgde1lLH
,,,,Cuckoo Coco,6Bl5WltuNVAG57PUxQULV3
,,,,Maren Morris,6WY7D3jk8zTrHtmkqqo5GI
,,,,MC MENOR HR,33yjk1kQbu7otNngO5pQb8
,,,,PnB Rock,21WS9wngs9AqFckK7yYJPM
,,,,Grant Averill,2k4iaaGgtiuryk0hGtpnHv
,,,,kostromin,3JG79Z23wJN9Q5PTPpDAEV
,,,,Mrs. GREEN APPLE,4QvgGvpgzgyUOo8Yp8LDm9
,,,,A.V.G,3a4bEvoyyeZPOLxCkSgPO6
,,,,Chief Keef,15iVAtD3s3FsQR4w1v6M0P
,,,,Little Big,3CygdxquGHurS7f9LjNLkv
,,,,Oruam,4yGgbQJMq9orWypwqtdzYT
,,,,SHAED,3KwmxIhSe9UTSEF37kwngR
,,,,Kim Petras,3Xt3RrJMFv5SZkCfUE8C1J
,,,,HEARTSTEEL,4lY2DXvRv9RPeFcUtn6PUh
,,,,Red Hot Chili Peppers,0L8ExT028jH3ddEcZwqJJ5
,,,,Tyler Braden,63wjVVauFUQ4gBw6QXTT5N
,,,,Kanii,1S82w4yw9TYIHZ889mPPaW
,,,,Mario,20s0P9QLxGqKuCsGwFsp7w
,,,,Alvaro Soler,2urF8dgLVfDjunO0pcHUEe
,,,,Wakyin,2CnJJITnV40TB5UtCRhwIZ
,,,,Balti,6czfQ8MjHVmvJKA4LAnviG
,,,,New West,69bG9tC62d8oTFC9aTTosn
,,,,Alicia Keys,3DiDSECUqqY1AuBP8qtaIa
,,,,Himesh Reshammiya,0sSxphmGskGCKlwB9xa6WU
,,,,Little Mix,3e7awlrlDSwF3iM0WBjGMp
,,,,H2O,4mQm8gcXNNyzNQRqYKTKqo
,,,,juan karlos,0a4r2EnsevvHCukoJ1xFwJ
,,,,Marwa Loud,46wEUZyujVrFSrdCnTKQmV
,,,,Lyanno,1Ts9of7VPZElwPQnqnDSfW
,,,,Tulus,2iDVt6mFbtbDEZG5ax0dTi
,,,,Morray,44vREmJC0OlVZjZaGLqVEd
,,,,AnnenMayKantereit,23xqmJEN3oVxwzqtNIyR5m
,,,,Dos Waves,6w78czpuSB1zAZ66m02xR2
,,,,Lil Big Stack,3oBqUqRBY1Ish0n1fHxeu2
,,,,Vierre Cloud,31ijgiurmIPTNojkYQXdnl
,,,,Nickelback,6deZN1bslXzeGvOLaLMOIF
,,,,Harjeet Deewana,52WTfz46yNwmbdBKkOYeUv
,,,,Elle King,3bhu7P5PfngueRHiB9hjcx
,,,,Morat,5C4PDR4LnhZTbVnKWXuDKD
,,,,DobleP,2eXWodjj5K1vVq2CSjl036
,,,,Maninder Buttar,2sN4fSzAm2rAL0HIurPCEM
,,,,Heijan,0KOSzgkMlkeowt1tgIg6ca
,,,,NTG,6GlX3FdCQrMftGfVaWcmPZ
,,,,K/DA,4gOc8TsQed9eqnqJct2c5v
,,,,LUM!X,0TKFPt9w0AAEnhB9bd0pLy
,,,,Nina Chuba,2kS9NyuATpYwjeB93h24H5
,,,,j-hope,0b1sIQumIAsNbqAoIClSpy
,,,,MiyaGi,0hmUwzWBrPHpGWGrYH05c3
,,,,A Great Big World,5xKp3UyavIBUsGy3DQdXeF
,,,,Beach Weather,7I3bkknknQkIiatWiupQgD
,,,,MC Rogerinho,5JbQpbeFaKfuZVFzKwaawP
,,,,Michelle Maciel,4WFwvZ4L8FZbt3qubbQJS6
,,,,Neha Bhasin,4E5oyNFcB3uXLkLdjYmP9Z
,,,,Thrife,6iNTGd6T0cxg1H8IIaZTlt
,,,,Tanveer Anjum,2FBBe5cdJRky6ORFn6dWx0
,,,,Leoo Remix,068JL7euWNj88rgKORc08J
,,,,phonk.me,3YNdAmDzM5zMbGYeaSCe6A
,,,,Dyan Dxddy,12Swjg82MNiUOfl1GB3XFx
,,,,Ovy On The Drums,3m5qlPf2OkihLz3dRYnkPA
,,,,Bad Wolves,0eI3X5rAzHRZVe5FPk4MN1
,,,,50 Cent,3q7HBObVc0L8jNeTe5Gofh
,,,,LeeHi,7cVZApDoQZpS447nHTsNqu
,,,,Sage The Gemini,6d47Z08T4snK50HgTEHo5Z
,,,,Sum 41,0qT79UgT5tY4yudH9VfsdT
,,,,Tyler ICU,2oIQCM7hRZI9tS5b9S8rj4
,,,,.diedlonely,2LbjW13j6rNtFgYcPjR2ur
,,,,Connor Price,5zixe6AbgXPqt4c1uSl94L
,,,,Super Simple Songs,7CdGfkCRgPhElnqy3HPJ4a
,,,,Zï¿½ï¿½ Vaqu,38B30z2aHBzehszOWQV5Rq
,,,,DJ USUP,2Rf8iSOn345MQR7gh3xsfk
,,,,Naza,6fvN9GmMCVKb5LY0WsnjFP
,,,,grandson,4ZgQDCtRqZlhLswVS6MHN4
,,,,Anni K,3IyQY1Q9OlnWdMEosrQ3sF
,,,,KSLV Noh,2ElMqlv5py0QFIVXUff627
,,,,Sumit Goswami,7h79JnwJEjrnCCyGrxTdZM
,,,,HoodBlaq,1Wic7dyEeEpQXDBbDf6HKm
,,,,Kid Cudi,0fA0VVWsXO9YnASrzqfmYu
,,,,Marlon Hoffstadt,0HHa7ZJZxUQlg5l2mB0N0f
,,,,Claps,4LvpFsMRq1A6yGVD7D2X6c
,,,,Kukuli,34RXQHy3IsY8PYPEx6xAUk
,,,,Dafina Zeqiri,6V6mxrGG67IyLFy2l4poNZ
,,,,Vanco,77BznF1Dr1k5KyEZ6Nn3jB
,,,,Scotty McCreery,6ZV6lGY0prbqpTD0Md8i29
,,,,Ghostemane,3uL4UpqShC4p2x1dJutoRW
,,,,Udit Narayan,70B80Lwx2sxti0M1Ng9e8K
,,,,Eli Brown,5lVNSw2GPci8kebrAQpZqU
,,,,Sam Fischer,6L1XC7NrmgWRlwAeLJvVtA
,,,,Headie One,6UCQYrcJ6wab6gnQ89OJFh
,,,,Jeff Satur,5xq3BK55BJmutN0X7eTyQB
,,,,Au/Ra,1eMmoIprPDWeFdB1FxU6ZV
,,,,DJ MANIKCI REMIX,6JUUq4rdGRNjSOgkx3UvVy
,,,,Dayvi,2TWBei99x2tV70bdYbWdAf
,,,,Jovanie,63nKf171gzF5QgJopUvEJ0
,,,,Tuï¿½ï¿½ï¿½n,4q7Hi8afbAiygpGOq73pcH
,,,,Royal & the Serpent,64EHXDoln95lnccszdPum0
,,,,Aminï¿,4BgFW9XAMsJMkMZQJ6lGD9
,,,,Tiesco le sultan,5CxeLRoeUkeEueUKCONOOI
,,,,Zac Efron,6U1dBXJhC8gXFjamvFTmHg
,,,,Lucixn,7jyXXQEyXVGDYKQ85Es2Er
,,,,Fujii Kaze,6bDWAcdtVR3WHz2xtiIPUi
,,,,Bheems Ceciroleo,0L5f9aJIaxQXTipZ7uQYiC
,,,,MISAMO,0IwZVmMMGE7nNXS7vN9SIo
,,,,Akassh,2XnG8F0YjneFzkQYDWNTI8
,,,,Key Glock,0RESbWvOMyua0yuyVrztJ5
,,,,Soy Pau,0ybxkKRDEdRAwh7zYY9oSB
,,,,ýýýýýýýýýýýý,
,,,,Peter Fox,6rqlONGmPuP2wJVSfliLBI
,,,,El Malilla,6BV37tKh6pY97mnNdTCzly
,,,,Pierce,4iJLPqClelZOBCBifm8Fzv
,,,,Bï¿½ï¿,7y97mc3bZRFXzT2szRM4L4
,,,,Mabel Matiz,1dpqJqIuNqideTvmxBsSku
,,,,Eclipse,2J257euzcjnDLipsyJH3F2
,,,,Guri,6wmETiZFS8CviwUTaeoVgf
,,,,Teto,4JX0GdKx8EduY2Ck7qac4H
,,,,Bobby Shmurda,34Y0ldeyUv7jBvukWOGASO
,,,,Joaquin Guiller,2AHbxv3jnfIDz6BmPn979c
,,,,Arthur Miguel,2Ev7vtPI38BE2kQvwmH4ce
,,,,KAYTRANADA,6qgnBH6iDM91ipVXv28OMu
,,,,Pentatonix,26AHtbjWKiwYzsoGoUZq53
,,,,Lo Greco Bros,4S7V7SMXxUwFzhGuddiAiY
,,,,Phong Max,4NWh1VEbymD3S6774EbK2Z
,,,,Crosby St. Models,2QIcK3vf2u0wAUaOwVLKfR
,,,,Brisa Star,7fKfVo62Yx50GtTdIgeBqk
,,,,MKTO,2l35CQqtYRh3d8ZIiBep4v
,,,,ODESZA,21mKp7DqtSNHhCAU2ugvUw
,,,,Mavins,5JWBXFlYkBy3n2oN1To790
,,,,great area,2RZuX5qzl7vZSxlX5T2hBj
,,,,Zero Two,0s7Mg3fkRE6VW27kFkfi2O
,,,,Ryan Hurd,7lDVEkjIURPMyUYwoQRrpw
,,,,Ecko Show,3oh5PUaDZkd57Yp1jsA6gp
,,,,Overcast,70X7Y0mL7kX0bsHRqeigJB
,,,,Jamik Jams,2mL37tBtNR1G5EOq2Km3j4
,,,,The Rolling Stones,22bE4uQ6baNwSHPVcDxLCe
,,,,The Black Keys,7mnBLXK823vNxN3UWB7Gfz
,,,,alyona alyona,2ic3GGGmkixOZP4qnakSA8
,,,,Yo Gotti,6Ha4aES39QiVjR0L2lwuwq
,,,,SIRA,3KMDtS3p5sJlQf4ebBZ8Zf
,,,,Erica Banks,2SXhbucehn00OBVKhzxDyM
,,,,The Newton Brothers,7dlJy6RJTqYprtHmWYBOv3
,,,,Dilaw,6Dp4LInLyMVA2qhRqQ6AGL
,,,,Isaias Saad,1THj0JI7zld7YDsWERcSUz
,,,,IMP.,2ahbTOVqWJKyj6TUXqFcf1
,,,,INNA,2w9zwq3AktTeYYMuhMjju8
,,,,Diddy,59wfkuBoNyhDMQGCljbUbA
,,,,Nick Hanzo,2w1qvzkgm3BP5gjMzFT1MU
,,,,Clinton Kane,7okSU80WTrn4LXlyXYbX3P
,,,,Raï¿½ï¿½ Saia Ro,6N4HlHINMvoTyAL0yhBUCk
,,,,Pressure 9X19,7MNP6nVHIDvPCRvfCeAJpF
,,,,Dayglow,6eJa3zG1QZLRB3xgRuyxbm
,,,,Riar Saab,34gAaWeYZoRER7MY3KBy1Q
,,,,Ana Mena,6k8mwkKJKKjBILo7ypBspl
,,,,Sam Cooke,6hnWRPzGGKiapVX1UCdEAC
,,,,Evanescence,5nGIFgo0shDenQYSE0Sn7c
,,,,Babyface Ray,3zZ88AwlTwfCJkowsFCvLA
,,,,Biper Y Sus Amigos,54ZO5aJHvR8nRTRnwNP1ok
,,,,Riley Green,2QMsj4XJ7ne2hojxt6v5eb
,,,,Dawin,46GXASE9LHzyssNqKOInUu
,,,,Alfianie,2zFl29HAAc7ayyjDjAXwLI
,,,,Aimer,0bAsR2unSRpn6BQPEnNlZm
,,,,UZI,51DevdOxIJin6DB1FXJpD1
,,,,Men I Trust,3zmfs9cQwzJl575W1ZYXeT
,,,,Nemzzz,3DHtfeD4PsmR9YGhCP4VF7
,,,,Los Del Rio,2JXn03fudjyRkQ1Ye9f5rk
,,,,SLANDER,20DZAfCuP1TKZl5KcY7z3Q
,,,,Yung Yury,7tzELpzPjTq26pa5FT9ykz
,,,,Raghav Chaitanya,3qpyErDI4i90q5EGgSRmNK
,,,,HUGEL,5PlfkPxwCpRRWQJBxCa0By
,,,,Young Stoner Life,1xr2G8Hlx4QWmT9HaUbmoO
,,,,Ikka,07iEy1AecUPVzfC2J2gCHR
,,,,&ME,5mIowAJMp7RKNheelruV5z
,,,,Realest Cram,3d0hhzHPK0jA5mKTeFIZc5
,,,,Mc Don Juan,7Lmrb6KcIzfkmgbtokjsAL
,,,,Black Pumas,6eU0jV2eEZ8XTM7EmlguK6
,,,,Tobiahs,4eHzBO6qaL2wt35kENSbTs
,,,,Dan-E-MC,1PcshThuA8HA1cFSchprRk
,,,,Jassie Gill,3xZnxcyeC0vVaJvEA9VqrA
,,,,Gallina Pintadita,3tXNR10VqUcpryTGq1SeZq
,,,,Luh Kel,24CgJHK6T7C5OmUbiLLMjJ
,,,,flora cash,6GpcBKNmZDIrRzYkPJu7Wd
,,,,RADWIMPS,1EowJ1WwkMzkCkRomFhui7
,,,,Cazzu,6w3SkAHYPsQ1bxV7VDlG5y
,,,,Stellar,5yw4tA8D5uG7tT3NaDvq10
,,,,Alex Sensation,0OROVBEZCocg0FcgJpyBse
,,,,YAKARY,6cpOyiEibAAlRlUF4Kk3vI
,,,,Minelli,5T0j6On1EthT2QVNXh8vqc
,,,,The White Stripes,4F84IBURUo98rz4r61KF70
,,,,Prashant Nakti,3f2UsSsI3E7VHH2mbBscJc
,,,,Skolim,3RJrimoFyTK3SoTF4TaDSA
,,,,Dhee,77YvCBWe0tTLygpgSJsdOH
,,,,Bo Burnham,2Waw2sSbqvAwK8NwACNjVo
,,,,JayO,2JC0vpa4rQV493zsYkG6ET
,,,,Alex & Sierra,58MLl9nC29IXbE4nEtuoP2
,,,,Eunice Manyanga,5DFYVY2Y5PlQvarIr16Vxu
,,,,JC Reyes,0FwnPHExlRRxEZPLAi5tmG
,,,,Jay Rock,28ExwzUQsvgJooOI0X1mr3
,,,,Surgeon,1PSylklb2w06BAAHEtepqM
,,,,Laddi Chahal,3lmszXxkp47K9kDCRRPU8p
,,,,Chau Dang Khoa,7oOFsgF6y3Z9wI7fgJTbFk
,,,,Jeremih,3KV3p5EY4AvKxOlhGHORLg
,,,,Sophie and the Giants,4FrXHrpbDLNyO3pbVv8RmF
,,,,*NSYNC,6Ff53KvcvAj5U7Z1vojB5o
,,,,Digga D,57n1OF36WvtOeATY6WQ6iw
,,,,Omoinotake,63ylN6WBUUxxMsySiDmr0B
,,,,Charly Black,5sK8BsvyDl4TFA6KaBf8or
,,,,Pia Mia,1BhWF9W2PngtPSyobKg0rP
,,,,Oualid,60tsxRkHtGIlk3IW8U8O2y
,,,,Ezhel,6LnJKrtFnTEGdbWQ2riWCL
,,,,5ive,1amQb9Uw9xQGWXyZjW42H1
,,,,YSY A,2qWK8K2Jfh67UqtwY8tCW6
,,,,Chris Grey,0F3maSKfGGVtfATaAyeyPG
,,,,Kayz66,5QnWJJjxPlTSN59B8yJoOk
,,,,DJ San,1Y8P0vLzajnOdJkHjy34nb
,,,,SleazyWorld Go,7FOQfJbC3e4GNoheojERnF
,,,,NAV,7rkW85dBwwrJtlHRDkJDAC
,,,,Ryan Gosling,6kXm2YCtdUOpRYNKeKhfue
,,,,Roxy Dekker,6YznhKZUZFVr418x7OUi3z
,,,,DUSTY LOCANE,22hWz22JAmIhIEp0u1X01L
,,,,Claire Rosinkranz,3V0ZQW0dNuVaFtbVYgSI24
,,,,Queen,1dfeR4HaWDbWqFHLkxsg1d
,,,,GC Eternal,0ZOCqmN2WKW2Pd4X5soZ02
,,,,BINI,7tNO3vJC9zlHy2IJOx34ga
,,,,Sean Kingston,6S0dmVVn4udvppDhZIWxCr
,,,,Aastha Gill,1BYjhAClGpBTLZfics0VRZ
,,,,Slimane,4OV6uYSnHxSYkjDYuBVBUz
,,,,ýýýýýýýýýýýý ýýýýýýýýýýýýýý,
,,,,5ï¿½ï¿½ï¿,0bvB4xpwG0xlSWTLIjAgmb
,,,,Terry Flow,5mU4dPdCuviZT35iS3affW
,,,,Tom Santa,1dTEPvUhxpFzL7UMKHWFfZ
,,,,Samara,5LkbTSqXfMBjFSGi9LOGjq
,,,,DJ Tao,5CA5IqbsFr4hpNLdjgO0BU
,,,,Sefo,1ITjgqpqMDJlqZGAK3mlPQ
,,,,Good Kid,38SKxCyfrmNWqWunb9wGHP
,,,,Werenoi,3YBJLs7RqR0aPGBgU27nDh
,,,,Galibri & Mavik,3GOI8AbB8KMYk20rWy38X5
,,,,Conjunto Rienda Real,5N3AyFVEE8vJa7AZEl7nD3
,,,,Diane Guerrero,18MFcGBHtyW0mU3ufcm0X1
,,,,Dro Perez,1Qwm4EmOYuY34nAFfeEUOa
,,,,Restricted,7mx6iGwPF157vXwYcl1DQ3
,,,,Grupo Los de la O,1glBi4zyzqaSQoy8ReU0rz
,,,,Zack Tabudlo,67IN4cLJ7798gUapyZlmac
,,,,Florida Georgia Line,3b8QkneNDz4JHKKKlLgYZg
,,,,ANGGA DERMAWAN,2VyXluaQ6KiQdNLecBtLXY
,,,,EXO,3cjEqqelV9zb4BYE3qDQ4O
,,,,Creedence Clearwater Revival,3IYUhFvPQItj6xySrBmZkd
,,,,Yung Lean,67lytN32YpUxiSeWlKfHJ3
,,,,Sara Kays,7Lk9V7E1u5gqSHmtcKlOqH
,,,,Kikimoteleba,20fLTbSref8bRqtfD82pSo
,,,,Tarcï¿½ï¿½sio do Acor,48HORs6F9P7IgdyKrk4MZC
,,,,Japï¿½ï¿½,6s3PbveUJMvMwZHyQUAPV4
,,,,LOSTBOYJAY,1k0BkkbwTGZGBqrNWwuucL
,,,,A1 x J1,1WO1hFAkFbeo9tV3uVX7Dy
,,,,Kesha,6LqNN22kT3074XbTVUrhzX
,,,,Duke Dumont,61lyPtntblHJvA7FMMhi7E
,,,,Disco Lines,5Kmr0b3ip8g9P2i0dLTC3Z
,,,,ELITE Djs,57AsV0UOBiSePiQNMadLPh
,,,,Chris Young,4BYxqVkZyFjtik7crYLg5Q
,,,,Pamungkas,7d86ERlvO5UG44j7Va0Y0C
,,,,Melinda Ademi,0OZsbo7wbfOuKCmHUNBUHz
,,,,Frenna,6m1LYS5NQonxjOcQFPQOb5
,,,,Clara La San,3u65Tx20y4WqxO7W7khEhj
,,,,Rob49,1jBoSSrbz9n4ehQWA4cZgB
,,,,Wish - Cast,5OLl3QAQOcnab5ofRR05jM
,,,,ýýýýýýýýýýýýýýýýýý,
,,,,Luke Bryan,0BvkDsjIUla7X0k6CSWh1I
,,,,Mazhar Rahi,0k9BhE5rXPG1HUA85LwknM
,,,,Barracca Republic,130A9F1fsrQiqsoOZoFQZL
,,,,Izzamuzzic,5EiDVD35ofoSKq1KE0jcs8
,,,,Naps,1wAqyLM38ULwVLcp8vKDul
,,,,Keisya Levronka,4EiSzlOeMnJcp2U8ayCQ3a
,,,,YFN Lucci,5Berubt6ysOy2LCMyqhmXP
,,,,Russ Millions,3FoFW2AoUGRHBacC6i4x4p
,,,,Through Fire,1SPVRGHIGb9TJxBKQ9O9XT
,,,,Jon Pardi,4MoAOfV4ROWofLG3a3hhBN
,,,,Trinix,3HqP3nd8WI0VfHRhApPlan
,,,,The Platters,6KWcxMWVNVIYbdOQyJtsSy
,,,,Colouour,4RfRKvlohSMnLiiiweXhFi
,,,,Halodayï¿,1oR56GSDAFgtdKmSl6qU1r
,,,,Myriam Fares,1YnW3KicGQq3zD9LcdGJSh
,,,,BossMan Dlow,23xFbA9rYgRX8mreqysWPc
,,,,ALYPH,3qeuv2ijwaAcbX3KVMJfuj
,,,,DJ TikTok,5f7DcyMqNPFYloZM82D61t
,,,,Banda Coraleï¿½,7svB5Mw6IP6Io3r7dEQi20
,,,,Rammstein,6wWVKhxIU2cEi0K81v7HvP
,,,,Mundo Bita,47iSWoNrLjnWCWesR14gL2
,,,,Alvee,3hjfDecj6rWpTBpMJBHeoN
,,,,Pablo Alborï¿½,5M9Bb4adKAgrOFOhc05Y50
,,,,Stromae,5j4HeCoUlzhfWtjAfM1acR
,,,,Parmish Verma,3OQRPFFS3OsltFjFAXu1kE
,,,,Ninho,6Te49r3A6f5BiIgBRxH7FH
,,,,Dustin Lynch,1dID9zgn0OV0Y8ud7Mh2tS
,,,,The Offspring,5LfGQac0EIXyAN8aUwmNAQ
,,,,Daya,6Dd3NScHWwnW6obMFbl1BH
,,,,X Ambassadors,3NPpFNZtSTHheNBaWC82rB
,,,,Jah Khalib,4TjXA854eWs8P5EBgCbQmv
,,,,Mac DeMarco,3Sz7ZnJQBIHsXLUSo0OQtM
,,,,Renzo Pianciola,2mEHKBLbMNNcMy7Izy5uIi
,,,,Central ce,5H4yInM5zmHqpKIoMNAx4r
,,,,TAIRA,3lEX3LkQD5tVRqEtqagSGa
,,,,Ice Beats Slide,6ynMrlCLJfmijr0XFdtvH5
,,,,Karik,2Bwp23pD4UVsSkchHDZw4F
,,,,Israel Kamakawiwo'ole,4ogvuDRerGhZfSf7TtzHlr
,,,,Jey One,0B4uq7LA4vdVwFPDoOcVtw
,,,,Agust D,5RmQ8k4l3HZ8JoPb4mNsML
,,,,corwinn,29WzbAQtDnBJF09es0uddn
,,,,Chris Lebron,3GPTvhZ8XfH7WkHXidvELk
,,,,Lilly Wood and The Prick,50OApTJurDusIo9dGTqSU4
,,,,Khushi Kakkar,0BJNNzQGYD82tPvp5ziJiu
,,,,KAI,6iVo62B0bdTknRcrktCmak
,,,,BROCKHAMPTON,1Bl6wpkWCQ4KVgnASpvzzA
,,,,Neon Trees,0RpddSzUHfncUWNJXKOsjy
,,,,Endor,6F3vLfyutkUhpM50G84eMt
,,,,Tim McGraw,6roFdX1y5BYSbp60OTJWMd
,,,,WINE,07PoSY2wSNOxr0Bgby5IxJ
,,,,wave to earth,5069JTmv5ZDyPeZaCCXiCg
,,,,Wren Evans,5M3ffmRiOX9Q8Y4jNeR5wu
,,,,Olexesh,2Z9KL8Zmqx5Sg3cd7Fldhl
,,,,Dejavu FF,4hqTQ9zYSDWsEIF98A7zGp
,,,,Mithoon,09UmIX92EUH9hAK4bxvHx6
,,,,Dan Ventura,5am6JZ05n3QyqYMyD9CgSn
,,,,vyrval,4hJrxZPQydibSnMMq7PpB9
,,,,David Morris,23Pb3oXBOQj9WEziS6laUW
,,,,Jesse & Joy,1mX1TWKpNxDSAH16LgDfiR
,,,,Mc Ws da leste,5Rs4gTYf15iES8jXZqhx2L
,,,,LuckReaper,1kyAzNNChZvgH6FSZ84Knz
,,,,Luli Pampï¿½,2s5oIH7jW68tUafw6zs2y6
,,,,Campbell,2JKGATuUMBu1TDdvhcpa8r
,,,,DaniLeigh,0XIKGBo9PnK1ApI5tZA60d
,,,,Eslam Kabonga,25P1GMgHepq6rkzRwg2DcB
,,,,PAMOKHOL ID,0EgjaSysQAtgtwfrORvxHF
,,,,Daft Punk,4tZwfgrHOc3mvqYlEYSvVi
,,,,Vacations,0U7iI0Dk4Ojvi17nZboNO4
,,,,Soulja Boy,6GMYJwaziB4ekv1Y6wCDWS
,,,,Jamie Llewellyn,4AW5O0piuKqV4nUIalUGl4
,,,,Muppet DJ,0cti6NjVVYsNEnKjDpncnh
,,,,Jasmine Sandlas,0mJDQBWytBhOh5JB1DOQ1c
,,,,ýýýýýýýýýýýýýýýýýýýýýýýý,
,,,,4*TOWN (From Disney and Pixarï¿½ï¿½ï¿½s Turnin,7jLpPyJ5gQxCvwiBsUfFu6
,,,,MAN WITH A MISSION,3NTbOmzlj2cL86XFuDVFvZ
,,,,Ayaz Erdoï¿½ï,2Y2hYlVGlZpTHAQ9UMaBCA
,,,,Naomi Scott,2Zi3RrdQqk63Xj0914STkS
,,,,KHEA,4m6ubhNsdwF4psNf3R8kwR
,,,,iilliaa,3XDX6PbRtAzovlF2DnoT5F
,,,,Betillo Guerrero,0OtTjzw8SQkRaGzpTNvu1y
,,,,HarmonicoHCO,23dDyq3rNQcjbDRtvPvw1x
,,,,BCD Studio,6ENUuaqy7QqbKD4M1X3siN
,,,,Eric Land,007FXgr0jLBJxhPJjacXQH
,,,,Lartiste,6HhnhnxLsowYuuejvku0Bz
,,,,SHAUN,72nLe76yBFSlP6VBzME358
,,,,Takeoff,3EW0kQ1skZiK1NHg3Spt9J
,,,,Grupo la Cumbia,6XkjpgcEsYab502Vr1bBeW
,,,,YolyBoy,5vdBKGJidpoyxA7BSUFFzw
,,,,Young T & Bugsey,6M6XXCcO5gI68XpIlrUL3Z
,,,,Miksu / Macloud,76dRoxKtDwYkgCQePok9cU
,,,,Peezy,6lOaHNmL3l3hKDGNf0egfs
,,,,JVLA,24D8gx0257CDd1HAuqNuHu
,,,,Lamis Kan,4jmo0EdvNDABmNDmPmKhMj
,,,,Joel Sunny,4WC54JUV6ewZOuz8Cl2Cym
,,,,seyhqnsert,6HxY3m36GtRhg7v7aFsnPa
,,,,WOS,5YCc6xS5Gpj3EkaYGdjyNK
,,,,Ambjaay,3BbPRvYQ0M9SFmhkHXozLm
,,,,Fadhilah Intan,452u7UZFOhNTdO5dQwbhzL
,,,,Hugh Jackman,5F1aoppMtU3OMiltO8ymJ2
,,,,NONT TANONT,6chmC6o0wvACYVGTITw3Pz
,,,,Baby Flaco,63pYNY6PSS7ZSudrRGCb4T
,,,,Cali Y El Dandee,5DUlefCLzVRzNWaNURTFpK
,,,,Sarah Jeffery,0uqrdF1UCmMshSk6veOa5K
,,,,Faouzia,5NhgsV7qPWHZqYEMKzbYvo
,,,,Timbaland,5Y5TRrQiqgUO4S36tzjIRZ
,,,,The Beach Boys,3oDbviiivRWhXwIE8hxkVV
,,,,Meet Bros.,0qpsFfOT3SmdGmnyV6rOhS
,,,,Willy Paul,3CCHaNvCKYNWWrAYo5C8TL
,,,,Bubbatrees,0EGViDtT6ivBQpvmFEh9GC
,,,,Ed Maverick,3JSSjGYcIkgsrz7892CelT
,,,,purpl,2WBJQGf1bT1kxuoqziH5g4
,,,,SR,2NZN0JDhWXmMmhSXTbhm1h
,,,,Serranow,38NpF2cwENnpQ3P19UnyUP
,,,,Steps,17UkABEasVRlCcIFZ3wHb7
,,,,Kerim Araz,2xNgzwX6A9orF0QEJph5Eb
,,,,Jaques Raupï¿,7BPiWKbeuWueq4qGMz3A0T
,,,,BUSHIDO ZHO,27kGBCjiz5OXojkKX4xQ6R
